"Product_Name","Product_ASIN","Brand","Price","MRP","Discount","Stock_Status","Rating","Reviews","Seller","Product_Link","Reviews_Link","Scraped_At"
"Lenovo V15 G4 AMD Athlon Silver 7120U Laptop 8GB LPDDR5 Ram, 512 GB SSD PCIe, Windows 11 Lifetime Validity,15.6"" FHD Screen, AMD Radeon 610M, Silver, 1 Year Brand Warranty","B0CL7CMTXS","Lenovo","25979","38000","(32% off)","In stock","4.1","N/A","Visit the Lenovo Store","https://www.amazon.in/Lenovo-V15-Lifetime-Validity-Warranty/dp/B0CL7CMTXS/ref=sr_1_1?dib=eyJ2IjoiMSJ9.WDufGkYsryoSKfXyOWqkZlnjFauo6_NVhQduD_eG4DbMam64K9kKEPCFrTiVQwQHg9b0Sa3QEeChiQzhfJ99EtqkcsvlPX2IAorgEBYwUQCThPvudl1afTnPcZavN9ijJUNyZmItA-Sglvk8OxBCmJJ7hhPXNoZBTPDclJNF0Z8k2NIPcZaRQpGnOlgIzddL5v9iJsj0lqn08vpStw1TDZyGYRJZX3ix1aOEf0VHDLI.D_5FyvZCGtBED_TLKuA-9L6ex3Rra2hIIEMe85P3TTc&dib_tag=se&keywords=laptops&qid=1762353044&sr=8-1","https://www.amazon.in/Lenovo-V15-Lifetime-Validity-Warranty/dp/B0CL7CMTXS/ref=sr_1_1?dib=eyJ2IjoiMSJ9.WDufGkYsryoSKfXyOWqkZlnjFauo6_NVhQduD_eG4DbMam64K9kKEPCFrTiVQwQHg9b0Sa3QEeChiQzhfJ99EtqkcsvlPX2IAorgEBYwUQCThPvudl1afTnPcZavN9ijJUNyZmItA-Sglvk8OxBCmJJ7hhPXNoZBTPDclJNF0Z8k2NIPcZaRQpGnOlgIzddL5v9iJsj0lqn08vpStw1TDZyGYRJZX3ix1aOEf0VHDLI.D_5FyvZCGtBED_TLKuA-9L6ex3Rra2hIIEMe85P3TTc&dib_tag=se&keywords=laptops&qid=1762353044&sr=8-1#customerReviews","2025-11-05 20:00:32"
"acer Aspire Lite, AMD Ryzen 3 5300U Processor, 16 GB RAM, 512GB SSD, Full HD, 15.6""/39.62cm, Windows 11 Home, Steel Gray, 1.59KG, AL15-41, Metal Body, Premium Thin and Light Laptop","B0CWTYGPH8","acer","28890","46990","(39% off)","In stock","3.9","N/A","Visit the acer Store","https://www.amazon.in/Acer-Premium-Windows-AL15-41-Display/dp/B0CWTYGPH8/ref=sr_1_2?dib=eyJ2IjoiMSJ9.WDufGkYsryoSKfXyOWqkZlnjFauo6_NVhQduD_eG4DbMam64K9kKEPCFrTiVQwQHg9b0Sa3QEeChiQzhfJ99EtqkcsvlPX2IAorgEBYwUQCThPvudl1afTnPcZavN9ijJUNyZmItA-Sglvk8OxBCmJJ7hhPXNoZBTPDclJNF0Z8k2NIPcZaRQpGnOlgIzddL5v9iJsj0lqn08vpStw1TDZyGYRJZX3ix1aOEf0VHDLI.D_5FyvZCGtBED_TLKuA-9L6ex3Rra2hIIEMe85P3TTc&dib_tag=se&keywords=laptops&qid=1762353044&sr=8-2","https://www.amazon.in/Acer-Premium-Windows-AL15-41-Display/dp/B0CWTYGPH8/ref=sr_1_2?dib=eyJ2IjoiMSJ9.WDufGkYsryoSKfXyOWqkZlnjFauo6_NVhQduD_eG4DbMam64K9kKEPCFrTiVQwQHg9b0Sa3QEeChiQzhfJ99EtqkcsvlPX2IAorgEBYwUQCThPvudl1afTnPcZavN9ijJUNyZmItA-Sglvk8OxBCmJJ7hhPXNoZBTPDclJNF0Z8k2NIPcZaRQpGnOlgIzddL5v9iJsj0lqn08vpStw1TDZyGYRJZX3ix1aOEf0VHDLI.D_5FyvZCGtBED_TLKuA-9L6ex3Rra2hIIEMe85P3TTc&dib_tag=se&keywords=laptops&qid=1762353044&sr=8-2#customerReviews","2025-11-05 20:00:46"
"HP 14 (2025), Intel Core 5 14th Gen 120U - (32 GB/512 GB SSD/Intel Iris Xe Graphics/Windows 11 Pro) Thin and Light Business Laptop/14.0"" FHD Display/Ash Grey/1.4 kg/MS Office 2021","B0FVKVB2JQ","HP","53990","99990","(46% off)","In stock","5.0","N/A","Visit the HP Store","https://www.amazon.in/HP-14-Intel-Core-14th/dp/B0FVKVB2JQ/ref=sr_1_3?dib=eyJ2IjoiMSJ9.WDufGkYsryoSKfXyOWqkZlnjFauo6_NVhQduD_eG4DbMam64K9kKEPCFrTiVQwQHg9b0Sa3QEeChiQzhfJ99EtqkcsvlPX2IAorgEBYwUQCThPvudl1afTnPcZavN9ijJUNyZmItA-Sglvk8OxBCmJJ7hhPXNoZBTPDclJNF0Z8k2NIPcZaRQpGnOlgIzddL5v9iJsj0lqn08vpStw1TDZyGYRJZX3ix1aOEf0VHDLI.D_5FyvZCGtBED_TLKuA-9L6ex3Rra2hIIEMe85P3TTc&dib_tag=se&keywords=laptops&qid=1762353044&sr=8-3","https://www.amazon.in/HP-14-Intel-Core-14th/dp/B0FVKVB2JQ/ref=sr_1_3?dib=eyJ2IjoiMSJ9.WDufGkYsryoSKfXyOWqkZlnjFauo6_NVhQduD_eG4DbMam64K9kKEPCFrTiVQwQHg9b0Sa3QEeChiQzhfJ99EtqkcsvlPX2IAorgEBYwUQCThPvudl1afTnPcZavN9ijJUNyZmItA-Sglvk8OxBCmJJ7hhPXNoZBTPDclJNF0Z8k2NIPcZaRQpGnOlgIzddL5v9iJsj0lqn08vpStw1TDZyGYRJZX3ix1aOEf0VHDLI.D_5FyvZCGtBED_TLKuA-9L6ex3Rra2hIIEMe85P3TTc&dib_tag=se&keywords=laptops&qid=1762353044&sr=8-3#customerReviews","2025-11-05 20:00:59"
"HP 15, AMD Ryzen 3 7320U (8GB LPDDR5, 512GB SSD) FHD, Anti-Glare, Micro-Edge, 15.6""/39.6cm, Win 11, Office 21, Silver, 1.59kg, fc0154AU, AMD Radeon Graphics, 1080p FHD Camera Laptop","B0D3HG5CMG","HP","30750","46990","(35% off)","In stock","4.0","N/A","Visit the HP Store","https://www.amazon.in/HP-Laptop-15-6-inch-Graphics-fc0154AU/dp/B0D3HG5CMG/ref=sr_1_4?dib=eyJ2IjoiMSJ9.WDufGkYsryoSKfXyOWqkZlnjFauo6_NVhQduD_eG4DbMam64K9kKEPCFrTiVQwQHg9b0Sa3QEeChiQzhfJ99EtqkcsvlPX2IAorgEBYwUQCThPvudl1afTnPcZavN9ijJUNyZmItA-Sglvk8OxBCmJJ7hhPXNoZBTPDclJNF0Z8k2NIPcZaRQpGnOlgIzddL5v9iJsj0lqn08vpStw1TDZyGYRJZX3ix1aOEf0VHDLI.D_5FyvZCGtBED_TLKuA-9L6ex3Rra2hIIEMe85P3TTc&dib_tag=se&keywords=laptops&qid=1762353044&sr=8-4","https://www.amazon.in/HP-Laptop-15-6-inch-Graphics-fc0154AU/dp/B0D3HG5CMG/ref=sr_1_4?dib=eyJ2IjoiMSJ9.WDufGkYsryoSKfXyOWqkZlnjFauo6_NVhQduD_eG4DbMam64K9kKEPCFrTiVQwQHg9b0Sa3QEeChiQzhfJ99EtqkcsvlPX2IAorgEBYwUQCThPvudl1afTnPcZavN9ijJUNyZmItA-Sglvk8OxBCmJJ7hhPXNoZBTPDclJNF0Z8k2NIPcZaRQpGnOlgIzddL5v9iJsj0lqn08vpStw1TDZyGYRJZX3ix1aOEf0VHDLI.D_5FyvZCGtBED_TLKuA-9L6ex3Rra2hIIEMe85P3TTc&dib_tag=se&keywords=laptops&qid=1762353044&sr=8-4#customerReviews","2025-11-05 20:01:16"
"HP 255 G10 Laptop for Home or Work, 16GB RAM, 512GB SSD, 15.6"" Full HD, Ryzen 3 7330U (Beats Intel i5-1135G7), HDMI, USB-C, Windows 11 Pro, Business and Fun Ready","B0FDBLR2HT","HP","35000","55000","(36% off)","In stock","4.7","N/A","Visit the HP Store","https://www.amazon.in/HP-255-512GB-Windows-Supported/dp/B0FDBLR2HT/ref=sr_1_5?dib=eyJ2IjoiMSJ9.WDufGkYsryoSKfXyOWqkZlnjFauo6_NVhQduD_eG4DbMam64K9kKEPCFrTiVQwQHg9b0Sa3QEeChiQzhfJ99EtqkcsvlPX2IAorgEBYwUQCThPvudl1afTnPcZavN9ijJUNyZmItA-Sglvk8OxBCmJJ7hhPXNoZBTPDclJNF0Z8k2NIPcZaRQpGnOlgIzddL5v9iJsj0lqn08vpStw1TDZyGYRJZX3ix1aOEf0VHDLI.D_5FyvZCGtBED_TLKuA-9L6ex3Rra2hIIEMe85P3TTc&dib_tag=se&keywords=laptops&qid=1762353044&sr=8-5","https://www.amazon.in/HP-255-512GB-Windows-Supported/dp/B0FDBLR2HT/ref=sr_1_5?dib=eyJ2IjoiMSJ9.WDufGkYsryoSKfXyOWqkZlnjFauo6_NVhQduD_eG4DbMam64K9kKEPCFrTiVQwQHg9b0Sa3QEeChiQzhfJ99EtqkcsvlPX2IAorgEBYwUQCThPvudl1afTnPcZavN9ijJUNyZmItA-Sglvk8OxBCmJJ7hhPXNoZBTPDclJNF0Z8k2NIPcZaRQpGnOlgIzddL5v9iJsj0lqn08vpStw1TDZyGYRJZX3ix1aOEf0VHDLI.D_5FyvZCGtBED_TLKuA-9L6ex3Rra2hIIEMe85P3TTc&dib_tag=se&keywords=laptops&qid=1762353044&sr=8-5#customerReviews","2025-11-05 20:01:32"
"Dell Inspiron 3535, Windows 11 Home, AMD Ryzen 3 7320U Processor, (8GB RAM/512GB SSD/Window 11/Ms Office' 21/15.6""(39.62 Cm) FHD Display/15 Month Mcafee/Carbon Black/1.67Kg Thin & Light Laptop","B0DG5CY2Y2","Dell","29990","38747","(23% off)","In stock","4.0","N/A","Visit the Dell Store","https://www.amazon.in/Dell-Inspiron-3535-Windows-Processor/dp/B0DG5CY2Y2/ref=sr_1_6?dib=eyJ2IjoiMSJ9.WDufGkYsryoSKfXyOWqkZlnjFauo6_NVhQduD_eG4DbMam64K9kKEPCFrTiVQwQHg9b0Sa3QEeChiQzhfJ99EtqkcsvlPX2IAorgEBYwUQCThPvudl1afTnPcZavN9ijJUNyZmItA-Sglvk8OxBCmJJ7hhPXNoZBTPDclJNF0Z8k2NIPcZaRQpGnOlgIzddL5v9iJsj0lqn08vpStw1TDZyGYRJZX3ix1aOEf0VHDLI.D_5FyvZCGtBED_TLKuA-9L6ex3Rra2hIIEMe85P3TTc&dib_tag=se&keywords=laptops&qid=1762353044&sr=8-6","https://www.amazon.in/Dell-Inspiron-3535-Windows-Processor/dp/B0DG5CY2Y2/ref=sr_1_6?dib=eyJ2IjoiMSJ9.WDufGkYsryoSKfXyOWqkZlnjFauo6_NVhQduD_eG4DbMam64K9kKEPCFrTiVQwQHg9b0Sa3QEeChiQzhfJ99EtqkcsvlPX2IAorgEBYwUQCThPvudl1afTnPcZavN9ijJUNyZmItA-Sglvk8OxBCmJJ7hhPXNoZBTPDclJNF0Z8k2NIPcZaRQpGnOlgIzddL5v9iJsj0lqn08vpStw1TDZyGYRJZX3ix1aOEf0VHDLI.D_5FyvZCGtBED_TLKuA-9L6ex3Rra2hIIEMe85P3TTc&dib_tag=se&keywords=laptops&qid=1762353044&sr=8-6#customerReviews","2025-11-05 20:01:44"
"HP 14 (2025), Intel Core 5 14th Gen 120U - (16 GB/512 GB SSD/Intel Iris Xe Graphics/Windows 11 Home) Thin and Light Business Laptop/14.0"" FHD Display/Ash Grey/1.4 kg/MS Office 2021","B0FVKNGNSF","HP","50990","92990","(45% off)","In stock","5.0","N/A","Visit the HP Store","https://www.amazon.in/HP-14-Intel-Core-14th/dp/B0FVKNGNSF/ref=sr_1_7?dib=eyJ2IjoiMSJ9.WDufGkYsryoSKfXyOWqkZlnjFauo6_NVhQduD_eG4DbMam64K9kKEPCFrTiVQwQHg9b0Sa3QEeChiQzhfJ99EtqkcsvlPX2IAorgEBYwUQCThPvudl1afTnPcZavN9ijJUNyZmItA-Sglvk8OxBCmJJ7hhPXNoZBTPDclJNF0Z8k2NIPcZaRQpGnOlgIzddL5v9iJsj0lqn08vpStw1TDZyGYRJZX3ix1aOEf0VHDLI.D_5FyvZCGtBED_TLKuA-9L6ex3Rra2hIIEMe85P3TTc&dib_tag=se&keywords=laptops&qid=1762353044&sr=8-7","https://www.amazon.in/HP-14-Intel-Core-14th/dp/B0FVKNGNSF/ref=sr_1_7?dib=eyJ2IjoiMSJ9.WDufGkYsryoSKfXyOWqkZlnjFauo6_NVhQduD_eG4DbMam64K9kKEPCFrTiVQwQHg9b0Sa3QEeChiQzhfJ99EtqkcsvlPX2IAorgEBYwUQCThPvudl1afTnPcZavN9ijJUNyZmItA-Sglvk8OxBCmJJ7hhPXNoZBTPDclJNF0Z8k2NIPcZaRQpGnOlgIzddL5v9iJsj0lqn08vpStw1TDZyGYRJZX3ix1aOEf0VHDLI.D_5FyvZCGtBED_TLKuA-9L6ex3Rra2hIIEMe85P3TTc&dib_tag=se&keywords=laptops&qid=1762353044&sr=8-7#customerReviews","2025-11-05 20:01:57"
"Acer SmartChoice Aspire Lite, AMD Ryzen 5-5625U Processor, 16 GB/512 GB, Full HD, 15.6""/39.62 cm, Windows 11 Home, Steel Gray, 1.59 kg, AL15-41, Metal Body, Thin and Light Laptop","B0DG2GCTD7","Acer","34490","58999","(42% off)","In stock","3.9","N/A","Visit the acer Store","https://www.amazon.in/5-5625U-Premium-Windows-AL15-41-Display/dp/B0DG2GCTD7/ref=sr_1_8?dib=eyJ2IjoiMSJ9.WDufGkYsryoSKfXyOWqkZlnjFauo6_NVhQduD_eG4DbMam64K9kKEPCFrTiVQwQHg9b0Sa3QEeChiQzhfJ99EtqkcsvlPX2IAorgEBYwUQCThPvudl1afTnPcZavN9ijJUNyZmItA-Sglvk8OxBCmJJ7hhPXNoZBTPDclJNF0Z8k2NIPcZaRQpGnOlgIzddL5v9iJsj0lqn08vpStw1TDZyGYRJZX3ix1aOEf0VHDLI.D_5FyvZCGtBED_TLKuA-9L6ex3Rra2hIIEMe85P3TTc&dib_tag=se&keywords=laptops&qid=1762353044&sr=8-8","https://www.amazon.in/5-5625U-Premium-Windows-AL15-41-Display/dp/B0DG2GCTD7/ref=sr_1_8?dib=eyJ2IjoiMSJ9.WDufGkYsryoSKfXyOWqkZlnjFauo6_NVhQduD_eG4DbMam64K9kKEPCFrTiVQwQHg9b0Sa3QEeChiQzhfJ99EtqkcsvlPX2IAorgEBYwUQCThPvudl1afTnPcZavN9ijJUNyZmItA-Sglvk8OxBCmJJ7hhPXNoZBTPDclJNF0Z8k2NIPcZaRQpGnOlgIzddL5v9iJsj0lqn08vpStw1TDZyGYRJZX3ix1aOEf0VHDLI.D_5FyvZCGtBED_TLKuA-9L6ex3Rra2hIIEMe85P3TTc&dib_tag=se&keywords=laptops&qid=1762353044&sr=8-8#customerReviews","2025-11-05 20:02:12"
"HP 15s, 12th Gen Intel Core i3-1215U (8GB DDR4, 512GB SSD) Anti-Glare, 15.6""/39.6cm,FHD, Win 11, MS Office 21, Silver, 1.69kg, fy5006tu/fd0751tu/fd0752tu, UHD Graphics, HD Camera, Dual Speakers Laptop","B0CJBL2QWY","HP","32990","42359","(22% off)","In stock","4.0","N/A","Visit the HP Store","https://www.amazon.in/HP-i3-1215U-Anti-Glare-15-6inch-Graphics/dp/B0CJBL2QWY/ref=sr_1_9?dib=eyJ2IjoiMSJ9.WDufGkYsryoSKfXyOWqkZlnjFauo6_NVhQduD_eG4DbMam64K9kKEPCFrTiVQwQHg9b0Sa3QEeChiQzhfJ99EtqkcsvlPX2IAorgEBYwUQCThPvudl1afTnPcZavN9ijJUNyZmItA-Sglvk8OxBCmJJ7hhPXNoZBTPDclJNF0Z8k2NIPcZaRQpGnOlgIzddL5v9iJsj0lqn08vpStw1TDZyGYRJZX3ix1aOEf0VHDLI.D_5FyvZCGtBED_TLKuA-9L6ex3Rra2hIIEMe85P3TTc&dib_tag=se&keywords=laptops&qid=1762353044&sr=8-9","https://www.amazon.in/HP-i3-1215U-Anti-Glare-15-6inch-Graphics/dp/B0CJBL2QWY/ref=sr_1_9?dib=eyJ2IjoiMSJ9.WDufGkYsryoSKfXyOWqkZlnjFauo6_NVhQduD_eG4DbMam64K9kKEPCFrTiVQwQHg9b0Sa3QEeChiQzhfJ99EtqkcsvlPX2IAorgEBYwUQCThPvudl1afTnPcZavN9ijJUNyZmItA-Sglvk8OxBCmJJ7hhPXNoZBTPDclJNF0Z8k2NIPcZaRQpGnOlgIzddL5v9iJsj0lqn08vpStw1TDZyGYRJZX3ix1aOEf0VHDLI.D_5FyvZCGtBED_TLKuA-9L6ex3Rra2hIIEMe85P3TTc&dib_tag=se&keywords=laptops&qid=1762353044&sr=8-9#customerReviews","2025-11-05 20:02:26"
"acer [SmartChoice Aspire 3 Laptop Intel Core Celeron N4500 Processor Laptop (8 GB LPDDR4X SDRAM/512 GB SSD/Win11 Home/38 WHR/HD Webcam) A325-45 with 39.63 cm (15.6"") HD Display, Pure Silver, 1.5 KG","B0D7PYTTGH","acer","23990","33999","(29% off)","In stock","3.4","N/A","Visit the acer Store","https://www.amazon.in/Acer-Celeron-Processor-LPDDR4X-A325-45/dp/B0D7PYTTGH/ref=sr_1_10?dib=eyJ2IjoiMSJ9.WDufGkYsryoSKfXyOWqkZlnjFauo6_NVhQduD_eG4DbMam64K9kKEPCFrTiVQwQHg9b0Sa3QEeChiQzhfJ99EtqkcsvlPX2IAorgEBYwUQCThPvudl1afTnPcZavN9ijJUNyZmItA-Sglvk8OxBCmJJ7hhPXNoZBTPDclJNF0Z8k2NIPcZaRQpGnOlgIzddL5v9iJsj0lqn08vpStw1TDZyGYRJZX3ix1aOEf0VHDLI.D_5FyvZCGtBED_TLKuA-9L6ex3Rra2hIIEMe85P3TTc&dib_tag=se&keywords=laptops&qid=1762353044&sr=8-10","https://www.amazon.in/Acer-Celeron-Processor-LPDDR4X-A325-45/dp/B0D7PYTTGH/ref=sr_1_10?dib=eyJ2IjoiMSJ9.WDufGkYsryoSKfXyOWqkZlnjFauo6_NVhQduD_eG4DbMam64K9kKEPCFrTiVQwQHg9b0Sa3QEeChiQzhfJ99EtqkcsvlPX2IAorgEBYwUQCThPvudl1afTnPcZavN9ijJUNyZmItA-Sglvk8OxBCmJJ7hhPXNoZBTPDclJNF0Z8k2NIPcZaRQpGnOlgIzddL5v9iJsj0lqn08vpStw1TDZyGYRJZX3ix1aOEf0VHDLI.D_5FyvZCGtBED_TLKuA-9L6ex3Rra2hIIEMe85P3TTc&dib_tag=se&keywords=laptops&qid=1762353044&sr=8-10#customerReviews","2025-11-05 20:02:38"
"Lenovo {SmartChoice)Chromebook Intel Celeron N4500 (4GB RAM/64GB eMMC 5.1/11.6 Inch (29.46cm)/HD Display/2Wx2 Stereo Speakers/HD Camera/Chrome OS/Blue/1.21Kg), 82UY0014HA","B0F2TMZJ24","Lenovo","14990","36502","(59% off)","In stock","3.8","N/A","Visit the Lenovo Store","https://www.amazon.in/Lenovo-SmartChoice-Chromebook-Speakers-82UY0014HA/dp/B0F2TMZJ24/ref=sr_1_11?dib=eyJ2IjoiMSJ9.WDufGkYsryoSKfXyOWqkZlnjFauo6_NVhQduD_eG4DbMam64K9kKEPCFrTiVQwQHg9b0Sa3QEeChiQzhfJ99EtqkcsvlPX2IAorgEBYwUQCThPvudl1afTnPcZavN9ijJUNyZmItA-Sglvk8OxBCmJJ7hhPXNoZBTPDclJNF0Z8k2NIPcZaRQpGnOlgIzddL5v9iJsj0lqn08vpStw1TDZyGYRJZX3ix1aOEf0VHDLI.D_5FyvZCGtBED_TLKuA-9L6ex3Rra2hIIEMe85P3TTc&dib_tag=se&keywords=laptops&qid=1762353044&sr=8-11","https://www.amazon.in/Lenovo-SmartChoice-Chromebook-Speakers-82UY0014HA/dp/B0F2TMZJ24/ref=sr_1_11?dib=eyJ2IjoiMSJ9.WDufGkYsryoSKfXyOWqkZlnjFauo6_NVhQduD_eG4DbMam64K9kKEPCFrTiVQwQHg9b0Sa3QEeChiQzhfJ99EtqkcsvlPX2IAorgEBYwUQCThPvudl1afTnPcZavN9ijJUNyZmItA-Sglvk8OxBCmJJ7hhPXNoZBTPDclJNF0Z8k2NIPcZaRQpGnOlgIzddL5v9iJsj0lqn08vpStw1TDZyGYRJZX3ix1aOEf0VHDLI.D_5FyvZCGtBED_TLKuA-9L6ex3Rra2hIIEMe85P3TTc&dib_tag=se&keywords=laptops&qid=1762353044&sr=8-11#customerReviews","2025-11-05 20:02:50"
"Lenovo V15 G4 AMD Ryzen 5 7520U 15.6 inch FHD Laptop, AMD Graphics, 16GB DDR5 5500Mhz Ram, 512GB SSD NVMe, Windows 11, Dolby Audio, Arctic Grey, 1 Year Onsite Brand Warranty","B0F29HNJL1","Lenovo","34990","54900","(36% off)","In stock","4.0","N/A","Visit the Lenovo Store","https://www.amazon.in/Lenovo-Graphics-5500Mhz-Windows-Warranty/dp/B0F29HNJL1/ref=sr_1_12?dib=eyJ2IjoiMSJ9.WDufGkYsryoSKfXyOWqkZlnjFauo6_NVhQduD_eG4DbMam64K9kKEPCFrTiVQwQHg9b0Sa3QEeChiQzhfJ99EtqkcsvlPX2IAorgEBYwUQCThPvudl1afTnPcZavN9ijJUNyZmItA-Sglvk8OxBCmJJ7hhPXNoZBTPDclJNF0Z8k2NIPcZaRQpGnOlgIzddL5v9iJsj0lqn08vpStw1TDZyGYRJZX3ix1aOEf0VHDLI.D_5FyvZCGtBED_TLKuA-9L6ex3Rra2hIIEMe85P3TTc&dib_tag=se&keywords=laptops&qid=1762353044&sr=8-12","https://www.amazon.in/Lenovo-Graphics-5500Mhz-Windows-Warranty/dp/B0F29HNJL1/ref=sr_1_12?dib=eyJ2IjoiMSJ9.WDufGkYsryoSKfXyOWqkZlnjFauo6_NVhQduD_eG4DbMam64K9kKEPCFrTiVQwQHg9b0Sa3QEeChiQzhfJ99EtqkcsvlPX2IAorgEBYwUQCThPvudl1afTnPcZavN9ijJUNyZmItA-Sglvk8OxBCmJJ7hhPXNoZBTPDclJNF0Z8k2NIPcZaRQpGnOlgIzddL5v9iJsj0lqn08vpStw1TDZyGYRJZX3ix1aOEf0VHDLI.D_5FyvZCGtBED_TLKuA-9L6ex3Rra2hIIEMe85P3TTc&dib_tag=se&keywords=laptops&qid=1762353044&sr=8-12#customerReviews","2025-11-05 20:03:03"
"Walker Best Student &Office Work Laptop|Thin & Light|14.1"" 1920 * 1080 Resolution FHD IPS Display |4GB RAM,128GB SSD|Celeron Processor N4020 (Gemini Lake)| Windows 11 Home | Silver","B0CGVLLWT3","Walker","12990","30000","(57% off)","In stock","3.2","N/A","Brand: Walker","https://www.amazon.in/Walker-Display-Resolution-Graphics-Mini-HDMI/dp/B0CGVLLWT3/ref=sr_1_13?dib=eyJ2IjoiMSJ9.WDufGkYsryoSKfXyOWqkZlnjFauo6_NVhQduD_eG4DbMam64K9kKEPCFrTiVQwQHg9b0Sa3QEeChiQzhfJ99EtqkcsvlPX2IAorgEBYwUQCThPvudl1afTnPcZavN9ijJUNyZmItA-Sglvk8OxBCmJJ7hhPXNoZBTPDclJNF0Z8k2NIPcZaRQpGnOlgIzddL5v9iJsj0lqn08vpStw1TDZyGYRJZX3ix1aOEf0VHDLI.D_5FyvZCGtBED_TLKuA-9L6ex3Rra2hIIEMe85P3TTc&dib_tag=se&keywords=laptops&qid=1762353044&sr=8-13","https://www.amazon.in/Walker-Display-Resolution-Graphics-Mini-HDMI/dp/B0CGVLLWT3/ref=sr_1_13?dib=eyJ2IjoiMSJ9.WDufGkYsryoSKfXyOWqkZlnjFauo6_NVhQduD_eG4DbMam64K9kKEPCFrTiVQwQHg9b0Sa3QEeChiQzhfJ99EtqkcsvlPX2IAorgEBYwUQCThPvudl1afTnPcZavN9ijJUNyZmItA-Sglvk8OxBCmJJ7hhPXNoZBTPDclJNF0Z8k2NIPcZaRQpGnOlgIzddL5v9iJsj0lqn08vpStw1TDZyGYRJZX3ix1aOEf0VHDLI.D_5FyvZCGtBED_TLKuA-9L6ex3Rra2hIIEMe85P3TTc&dib_tag=se&keywords=laptops&qid=1762353044&sr=8-13#customerReviews","2025-11-05 20:03:16"
"HP 15,Intel Ultra 5 125H (16GB DDR5, 1TB SSD) FHD, IPS, 15.6''/39.6cm, Win11, M365 Basic(1yr)*Office24, Silver, 1.65kg, fd1354TU, Intel Arc Graphics, FHD Camera w/Shutter, AI Powered Laptop","B0F5B1N9SJ","HP","64990","78719","(17% off)","In stock","3.9","N/A","Visit the HP Store","https://www.amazon.in/HP-Office24-fd1354TU-Graphics-Shutter/dp/B0F5B1N9SJ/ref=sr_1_14?dib=eyJ2IjoiMSJ9.WDufGkYsryoSKfXyOWqkZlnjFauo6_NVhQduD_eG4DbMam64K9kKEPCFrTiVQwQHg9b0Sa3QEeChiQzhfJ99EtqkcsvlPX2IAorgEBYwUQCThPvudl1afTnPcZavN9ijJUNyZmItA-Sglvk8OxBCmJJ7hhPXNoZBTPDclJNF0Z8k2NIPcZaRQpGnOlgIzddL5v9iJsj0lqn08vpStw1TDZyGYRJZX3ix1aOEf0VHDLI.D_5FyvZCGtBED_TLKuA-9L6ex3Rra2hIIEMe85P3TTc&dib_tag=se&keywords=laptops&qid=1762353044&sr=8-14","https://www.amazon.in/HP-Office24-fd1354TU-Graphics-Shutter/dp/B0F5B1N9SJ/ref=sr_1_14?dib=eyJ2IjoiMSJ9.WDufGkYsryoSKfXyOWqkZlnjFauo6_NVhQduD_eG4DbMam64K9kKEPCFrTiVQwQHg9b0Sa3QEeChiQzhfJ99EtqkcsvlPX2IAorgEBYwUQCThPvudl1afTnPcZavN9ijJUNyZmItA-Sglvk8OxBCmJJ7hhPXNoZBTPDclJNF0Z8k2NIPcZaRQpGnOlgIzddL5v9iJsj0lqn08vpStw1TDZyGYRJZX3ix1aOEf0VHDLI.D_5FyvZCGtBED_TLKuA-9L6ex3Rra2hIIEMe85P3TTc&dib_tag=se&keywords=laptops&qid=1762353044&sr=8-14#customerReviews","2025-11-05 20:03:30"
"HP 15 (2025), AMD Ryzen 3 7330U Quad Core - (16 GB/512 GB SSD/AMD Radeon Graphics/Windows 11 Home) Thin and Light Business Laptop/15.6"" FHD Display/Backlit Keyboard/Turbo Silver/1.5 kg/MS Office 2021","B0FL7PPM4K","HP","31990","78690","(59% off)","Only 2 left in stock.","5.0","N/A","Visit the HP Store","https://www.amazon.in/HP-15-Ryzen-7330U-Quad/dp/B0FL7PPM4K/ref=sr_1_15?dib=eyJ2IjoiMSJ9.WDufGkYsryoSKfXyOWqkZlnjFauo6_NVhQduD_eG4DbMam64K9kKEPCFrTiVQwQHg9b0Sa3QEeChiQzhfJ99EtqkcsvlPX2IAorgEBYwUQCThPvudl1afTnPcZavN9ijJUNyZmItA-Sglvk8OxBCmJJ7hhPXNoZBTPDclJNF0Z8k2NIPcZaRQpGnOlgIzddL5v9iJsj0lqn08vpStw1TDZyGYRJZX3ix1aOEf0VHDLI.D_5FyvZCGtBED_TLKuA-9L6ex3Rra2hIIEMe85P3TTc&dib_tag=se&keywords=laptops&qid=1762353044&sr=8-15","https://www.amazon.in/HP-15-Ryzen-7330U-Quad/dp/B0FL7PPM4K/ref=sr_1_15?dib=eyJ2IjoiMSJ9.WDufGkYsryoSKfXyOWqkZlnjFauo6_NVhQduD_eG4DbMam64K9kKEPCFrTiVQwQHg9b0Sa3QEeChiQzhfJ99EtqkcsvlPX2IAorgEBYwUQCThPvudl1afTnPcZavN9ijJUNyZmItA-Sglvk8OxBCmJJ7hhPXNoZBTPDclJNF0Z8k2NIPcZaRQpGnOlgIzddL5v9iJsj0lqn08vpStw1TDZyGYRJZX3ix1aOEf0VHDLI.D_5FyvZCGtBED_TLKuA-9L6ex3Rra2hIIEMe85P3TTc&dib_tag=se&keywords=laptops&qid=1762353044&sr=8-15#customerReviews","2025-11-05 20:03:41"
"Ultimus APEX Pro Intel Pentium Quad Core Laptop 4GB RAM 128GB eMMC SSD Expandable~512GB Ultra Thin Bezel 180° Hinge 2.0x1 3.0x1 USB HDMI SD Card Slot Dual Speaker Win11 Home Space Gray 1.2Kg","B0FKLYPDLQ","Ultimus","11990","27990","(57% off)","In stock","4.1","N/A","Brand: FUTOPIA","https://www.amazon.in/Ultimus-Pentium-Laptop-Expandable-512GB-Speaker/dp/B0FKLYPDLQ/ref=sr_1_16?dib=eyJ2IjoiMSJ9.WDufGkYsryoSKfXyOWqkZlnjFauo6_NVhQduD_eG4DbMam64K9kKEPCFrTiVQwQHg9b0Sa3QEeChiQzhfJ99EtqkcsvlPX2IAorgEBYwUQCThPvudl1afTnPcZavN9ijJUNyZmItA-Sglvk8OxBCmJJ7hhPXNoZBTPDclJNF0Z8k2NIPcZaRQpGnOlgIzddL5v9iJsj0lqn08vpStw1TDZyGYRJZX3ix1aOEf0VHDLI.D_5FyvZCGtBED_TLKuA-9L6ex3Rra2hIIEMe85P3TTc&dib_tag=se&keywords=laptops&qid=1762353044&sr=8-16","https://www.amazon.in/Ultimus-Pentium-Laptop-Expandable-512GB-Speaker/dp/B0FKLYPDLQ/ref=sr_1_16?dib=eyJ2IjoiMSJ9.WDufGkYsryoSKfXyOWqkZlnjFauo6_NVhQduD_eG4DbMam64K9kKEPCFrTiVQwQHg9b0Sa3QEeChiQzhfJ99EtqkcsvlPX2IAorgEBYwUQCThPvudl1afTnPcZavN9ijJUNyZmItA-Sglvk8OxBCmJJ7hhPXNoZBTPDclJNF0Z8k2NIPcZaRQpGnOlgIzddL5v9iJsj0lqn08vpStw1TDZyGYRJZX3ix1aOEf0VHDLI.D_5FyvZCGtBED_TLKuA-9L6ex3Rra2hIIEMe85P3TTc&dib_tag=se&keywords=laptops&qid=1762353044&sr=8-16#customerReviews","2025-11-05 20:03:52"
"HP Laptop 250R G9 (2024), Intel Core i3 13th Gen 1315U - (8GB/512GB SSD/Intel UHD Graphics/Windows 11 Pro) Thin and Light Business Laptop/15.6"" (39.62cm)/Ash Grey/1.57 kg/MS Office 2021","B0DKGBCZFJ","HP","33790","55000","(39% off)","In stock","3.2","N/A","Visit the HP Store","https://www.amazon.in/HP-250R-Intel-Core-i3-1315U/dp/B0DKGBCZFJ/ref=sr_1_17?dib=eyJ2IjoiMSJ9.VtxuAsqJJCfk3pn_PWFVlJfcKrddBVZgiVZnZ3TJUYJhKG6nA9mrpuPcsdpS30iiu7ZrgJJH466ESIwSHkbhsvlcDRpddIhvGPKkfwmcqydG973rB5yxzeTXKmahggUScglntMRJ1vydtePaedspWjBvhz4zT0E7-j9d-CeFWNYpFua3RJ17J2oOxdLX6yEDCG44WkP0qKR50ORWfIBx0Ah_IZE0OWDFVkN5WyrVxyE.vIdPhBCr7fb57UUH0ETl3crleO-B7ZbaUUXFNyoC0Os&dib_tag=se&keywords=laptops&qid=1762353272&sr=8-17","https://www.amazon.in/HP-250R-Intel-Core-i3-1315U/dp/B0DKGBCZFJ/ref=sr_1_17?dib=eyJ2IjoiMSJ9.VtxuAsqJJCfk3pn_PWFVlJfcKrddBVZgiVZnZ3TJUYJhKG6nA9mrpuPcsdpS30iiu7ZrgJJH466ESIwSHkbhsvlcDRpddIhvGPKkfwmcqydG973rB5yxzeTXKmahggUScglntMRJ1vydtePaedspWjBvhz4zT0E7-j9d-CeFWNYpFua3RJ17J2oOxdLX6yEDCG44WkP0qKR50ORWfIBx0Ah_IZE0OWDFVkN5WyrVxyE.vIdPhBCr7fb57UUH0ETl3crleO-B7ZbaUUXFNyoC0Os&dib_tag=se&keywords=laptops&qid=1762353272&sr=8-17#customerReviews","2025-11-05 20:04:12"
"HP 15, AMD Ryzen 5 7520U, 16GB DDR5, 512GB SSD, (Win 11, Office 21, Silver, 1.59kg), Anti-Glare, Micro-Edge, 15.6-inch(39.6cm), FHD Laptop, AMD Radeon Graphics, 1080p FHD Camera, Backlit KB, fc0690au","B0CY2PLQ8N","HP","42990","55691","(23% off)","In stock","4.0","N/A","Visit the HP Store","https://www.amazon.in/HP-RyzenTM-15-6-inch-Speakers-15s-fc0156AU/dp/B0CY2PLQ8N/ref=sr_1_18?dib=eyJ2IjoiMSJ9.VtxuAsqJJCfk3pn_PWFVlJfcKrddBVZgiVZnZ3TJUYJhKG6nA9mrpuPcsdpS30iiu7ZrgJJH466ESIwSHkbhsvlcDRpddIhvGPKkfwmcqydG973rB5yxzeTXKmahggUScglntMRJ1vydtePaedspWjBvhz4zT0E7-j9d-CeFWNYpFua3RJ17J2oOxdLX6yEDCG44WkP0qKR50ORWfIBx0Ah_IZE0OWDFVkN5WyrVxyE.vIdPhBCr7fb57UUH0ETl3crleO-B7ZbaUUXFNyoC0Os&dib_tag=se&keywords=laptops&qid=1762353272&sr=8-18","https://www.amazon.in/HP-RyzenTM-15-6-inch-Speakers-15s-fc0156AU/dp/B0CY2PLQ8N/ref=sr_1_18?dib=eyJ2IjoiMSJ9.VtxuAsqJJCfk3pn_PWFVlJfcKrddBVZgiVZnZ3TJUYJhKG6nA9mrpuPcsdpS30iiu7ZrgJJH466ESIwSHkbhsvlcDRpddIhvGPKkfwmcqydG973rB5yxzeTXKmahggUScglntMRJ1vydtePaedspWjBvhz4zT0E7-j9d-CeFWNYpFua3RJ17J2oOxdLX6yEDCG44WkP0qKR50ORWfIBx0Ah_IZE0OWDFVkN5WyrVxyE.vIdPhBCr7fb57UUH0ETl3crleO-B7ZbaUUXFNyoC0Os&dib_tag=se&keywords=laptops&qid=1762353272&sr=8-18#customerReviews","2025-11-05 20:04:25"
"Acer Aspire Lite, AMD Ryzen 3-5300U, 8 GB RAM, 512 GB SSD, Full HD 15.6""/39.62 cm, Windows 11 Home, Steel Gray, 1.59 KG, AL15-41, Premium Laptop","B0D37T35JP","Acer","27999","44990","(38% off)","In stock","3.9","N/A","Visit the acer Store","https://www.amazon.in/Acer-Aspire-Premium-AL15-41-Display/dp/B0D37T35JP/ref=sr_1_19?dib=eyJ2IjoiMSJ9.VtxuAsqJJCfk3pn_PWFVlJfcKrddBVZgiVZnZ3TJUYJhKG6nA9mrpuPcsdpS30iiu7ZrgJJH466ESIwSHkbhsvlcDRpddIhvGPKkfwmcqydG973rB5yxzeTXKmahggUScglntMRJ1vydtePaedspWjBvhz4zT0E7-j9d-CeFWNYpFua3RJ17J2oOxdLX6yEDCG44WkP0qKR50ORWfIBx0Ah_IZE0OWDFVkN5WyrVxyE.vIdPhBCr7fb57UUH0ETl3crleO-B7ZbaUUXFNyoC0Os&dib_tag=se&keywords=laptops&qid=1762353272&sr=8-19","https://www.amazon.in/Acer-Aspire-Premium-AL15-41-Display/dp/B0D37T35JP/ref=sr_1_19?dib=eyJ2IjoiMSJ9.VtxuAsqJJCfk3pn_PWFVlJfcKrddBVZgiVZnZ3TJUYJhKG6nA9mrpuPcsdpS30iiu7ZrgJJH466ESIwSHkbhsvlcDRpddIhvGPKkfwmcqydG973rB5yxzeTXKmahggUScglntMRJ1vydtePaedspWjBvhz4zT0E7-j9d-CeFWNYpFua3RJ17J2oOxdLX6yEDCG44WkP0qKR50ORWfIBx0Ah_IZE0OWDFVkN5WyrVxyE.vIdPhBCr7fb57UUH0ETl3crleO-B7ZbaUUXFNyoC0Os&dib_tag=se&keywords=laptops&qid=1762353272&sr=8-19#customerReviews","2025-11-05 20:04:40"
"ASUS Vivobook 15 (2025), AMD Ryzen 7 7730U Thin & Light Laptop(AMD Radeon iGPU/16GB RAM/512GB SSD/FHD/15.6""/60Hz/Windows 11/M365 Basic (1Year)*/Office Home 2024/Quiet Blue/1.7Kg) M1502YA-BQ989WS","B0FLPQ2563","ASUS","48890","66990","(27% off)","In stock","4.0","N/A","Visit the ASUS Store","https://www.amazon.in/ASUS-Vivobook-Laptop-Windows-M1502YA-BQ989WS/dp/B0FLPQ2563/ref=sr_1_20?dib=eyJ2IjoiMSJ9.VtxuAsqJJCfk3pn_PWFVlJfcKrddBVZgiVZnZ3TJUYJhKG6nA9mrpuPcsdpS30iiu7ZrgJJH466ESIwSHkbhsvlcDRpddIhvGPKkfwmcqydG973rB5yxzeTXKmahggUScglntMRJ1vydtePaedspWjBvhz4zT0E7-j9d-CeFWNYpFua3RJ17J2oOxdLX6yEDCG44WkP0qKR50ORWfIBx0Ah_IZE0OWDFVkN5WyrVxyE.vIdPhBCr7fb57UUH0ETl3crleO-B7ZbaUUXFNyoC0Os&dib_tag=se&keywords=laptops&qid=1762353272&sr=8-20","https://www.amazon.in/ASUS-Vivobook-Laptop-Windows-M1502YA-BQ989WS/dp/B0FLPQ2563/ref=sr_1_20?dib=eyJ2IjoiMSJ9.VtxuAsqJJCfk3pn_PWFVlJfcKrddBVZgiVZnZ3TJUYJhKG6nA9mrpuPcsdpS30iiu7ZrgJJH466ESIwSHkbhsvlcDRpddIhvGPKkfwmcqydG973rB5yxzeTXKmahggUScglntMRJ1vydtePaedspWjBvhz4zT0E7-j9d-CeFWNYpFua3RJ17J2oOxdLX6yEDCG44WkP0qKR50ORWfIBx0Ah_IZE0OWDFVkN5WyrVxyE.vIdPhBCr7fb57UUH0ETl3crleO-B7ZbaUUXFNyoC0Os&dib_tag=se&keywords=laptops&qid=1762353272&sr=8-20#customerReviews","2025-11-05 20:04:51"
"Lenovo IdeaPad Slim 3 13th Gen Intel Core i5-13420H 15.3""(38.8cm) WUXGA IPS Laptop(16GB RAM/512GB SSD/Win 11/Office Home 2024/Backlit/1Yr ADP Free/Top Metal Cover & IR Camera/Grey/1.6Kg), 83K100CGIN","B0F637DPFW","Lenovo","54649","65900","(17% off)","In stock","4.0","N/A","Visit the Lenovo Store","https://www.amazon.in/Lenovo-IdeaPad-i5-13420H-Backlit-83K100CGIN/dp/B0F637DPFW/ref=sr_1_21?dib=eyJ2IjoiMSJ9.VtxuAsqJJCfk3pn_PWFVlJfcKrddBVZgiVZnZ3TJUYJhKG6nA9mrpuPcsdpS30iiu7ZrgJJH466ESIwSHkbhsvlcDRpddIhvGPKkfwmcqydG973rB5yxzeTXKmahggUScglntMRJ1vydtePaedspWjBvhz4zT0E7-j9d-CeFWNYpFua3RJ17J2oOxdLX6yEDCG44WkP0qKR50ORWfIBx0Ah_IZE0OWDFVkN5WyrVxyE.vIdPhBCr7fb57UUH0ETl3crleO-B7ZbaUUXFNyoC0Os&dib_tag=se&keywords=laptops&qid=1762353272&sr=8-21","https://www.amazon.in/Lenovo-IdeaPad-i5-13420H-Backlit-83K100CGIN/dp/B0F637DPFW/ref=sr_1_21?dib=eyJ2IjoiMSJ9.VtxuAsqJJCfk3pn_PWFVlJfcKrddBVZgiVZnZ3TJUYJhKG6nA9mrpuPcsdpS30iiu7ZrgJJH466ESIwSHkbhsvlcDRpddIhvGPKkfwmcqydG973rB5yxzeTXKmahggUScglntMRJ1vydtePaedspWjBvhz4zT0E7-j9d-CeFWNYpFua3RJ17J2oOxdLX6yEDCG44WkP0qKR50ORWfIBx0Ah_IZE0OWDFVkN5WyrVxyE.vIdPhBCr7fb57UUH0ETl3crleO-B7ZbaUUXFNyoC0Os&dib_tag=se&keywords=laptops&qid=1762353272&sr=8-21#customerReviews","2025-11-05 20:05:04"
"Ultimus APEX Pro Intel Pentium Quad Core Laptop 4GB RAM 128GB eMMC SSD Expandable~512GB Ultra Thin Bezel 180° Hinge 2.0x1 3.0x1 USB HDMI SD Card Slot Dual Speaker Win11 Home Space Gray 1.2Kg","B0FKLYPDLQ","Ultimus","11990","27990","(57% off)","In stock","4.1","N/A","Brand: FUTOPIA","https://www.amazon.in/Ultimus-Pentium-Laptop-Expandable-512GB-Speaker/dp/B0FKLYPDLQ/ref=sr_1_22?dib=eyJ2IjoiMSJ9.VtxuAsqJJCfk3pn_PWFVlJfcKrddBVZgiVZnZ3TJUYJhKG6nA9mrpuPcsdpS30iiu7ZrgJJH466ESIwSHkbhsvlcDRpddIhvGPKkfwmcqydG973rB5yxzeTXKmahggUScglntMRJ1vydtePaedspWjBvhz4zT0E7-j9d-CeFWNYpFua3RJ17J2oOxdLX6yEDCG44WkP0qKR50ORWfIBx0Ah_IZE0OWDFVkN5WyrVxyE.vIdPhBCr7fb57UUH0ETl3crleO-B7ZbaUUXFNyoC0Os&dib_tag=se&keywords=laptops&qid=1762353272&sr=8-22","https://www.amazon.in/Ultimus-Pentium-Laptop-Expandable-512GB-Speaker/dp/B0FKLYPDLQ/ref=sr_1_22?dib=eyJ2IjoiMSJ9.VtxuAsqJJCfk3pn_PWFVlJfcKrddBVZgiVZnZ3TJUYJhKG6nA9mrpuPcsdpS30iiu7ZrgJJH466ESIwSHkbhsvlcDRpddIhvGPKkfwmcqydG973rB5yxzeTXKmahggUScglntMRJ1vydtePaedspWjBvhz4zT0E7-j9d-CeFWNYpFua3RJ17J2oOxdLX6yEDCG44WkP0qKR50ORWfIBx0Ah_IZE0OWDFVkN5WyrVxyE.vIdPhBCr7fb57UUH0ETl3crleO-B7ZbaUUXFNyoC0Os&dib_tag=se&keywords=laptops&qid=1762353272&sr=8-22#customerReviews","2025-11-05 20:05:15"
"HP Victus, 13th Gen Intel Core i5-13420H, 6GB RTX 3050, 16GB DDR4(Upgradeable) 512GB SSD, FHD, 144Hz, 300 nits, IPS, 15.6''/39.6cm, Win11, M365* Office24, Mica Silver, 2.3kg, fa2700TX, Gaming Laptop","B0DTYZ2CG8","HP","69990","87262","(20% off)","In stock","3.7","N/A","Visit the HP Store","https://www.amazon.in/HP-i5-13420H-Upgrade-Office24-fa2700TX/dp/B0DTYZ2CG8/ref=sr_1_23?dib=eyJ2IjoiMSJ9.VtxuAsqJJCfk3pn_PWFVlJfcKrddBVZgiVZnZ3TJUYJhKG6nA9mrpuPcsdpS30iiu7ZrgJJH466ESIwSHkbhsvlcDRpddIhvGPKkfwmcqydG973rB5yxzeTXKmahggUScglntMRJ1vydtePaedspWjBvhz4zT0E7-j9d-CeFWNYpFua3RJ17J2oOxdLX6yEDCG44WkP0qKR50ORWfIBx0Ah_IZE0OWDFVkN5WyrVxyE.vIdPhBCr7fb57UUH0ETl3crleO-B7ZbaUUXFNyoC0Os&dib_tag=se&keywords=laptops&qid=1762353272&sr=8-23","https://www.amazon.in/HP-i5-13420H-Upgrade-Office24-fa2700TX/dp/B0DTYZ2CG8/ref=sr_1_23?dib=eyJ2IjoiMSJ9.VtxuAsqJJCfk3pn_PWFVlJfcKrddBVZgiVZnZ3TJUYJhKG6nA9mrpuPcsdpS30iiu7ZrgJJH466ESIwSHkbhsvlcDRpddIhvGPKkfwmcqydG973rB5yxzeTXKmahggUScglntMRJ1vydtePaedspWjBvhz4zT0E7-j9d-CeFWNYpFua3RJ17J2oOxdLX6yEDCG44WkP0qKR50ORWfIBx0Ah_IZE0OWDFVkN5WyrVxyE.vIdPhBCr7fb57UUH0ETl3crleO-B7ZbaUUXFNyoC0Os&dib_tag=se&keywords=laptops&qid=1762353272&sr=8-23#customerReviews","2025-11-05 20:05:30"
"ASUS TUF A16 (2025), AMD Ryzen 7 7445HS, Gaming Laptop (RTX 4050-6GB/140W TGP/16GB RAM/1TB SSD/FHD+/16""/144Hz/56Whrs/Windows 11/M365 Basic (1Year)*/Office Home 2024/Mecha Gray/2.2Kg) FA607NUG-RL189WS","B0FM38SKN8","ASUS","89990","114990","(22% off)","In stock","3.9","N/A","Visit the ASUS Store","https://www.amazon.in/ASUS-7445HS-4050-6GB-Windows-FA607NUG-RL189WS/dp/B0FM38SKN8/ref=sr_1_24?dib=eyJ2IjoiMSJ9.VtxuAsqJJCfk3pn_PWFVlJfcKrddBVZgiVZnZ3TJUYJhKG6nA9mrpuPcsdpS30iiu7ZrgJJH466ESIwSHkbhsvlcDRpddIhvGPKkfwmcqydG973rB5yxzeTXKmahggUScglntMRJ1vydtePaedspWjBvhz4zT0E7-j9d-CeFWNYpFua3RJ17J2oOxdLX6yEDCG44WkP0qKR50ORWfIBx0Ah_IZE0OWDFVkN5WyrVxyE.vIdPhBCr7fb57UUH0ETl3crleO-B7ZbaUUXFNyoC0Os&dib_tag=se&keywords=laptops&qid=1762353272&sr=8-24","https://www.amazon.in/ASUS-7445HS-4050-6GB-Windows-FA607NUG-RL189WS/dp/B0FM38SKN8/ref=sr_1_24?dib=eyJ2IjoiMSJ9.VtxuAsqJJCfk3pn_PWFVlJfcKrddBVZgiVZnZ3TJUYJhKG6nA9mrpuPcsdpS30iiu7ZrgJJH466ESIwSHkbhsvlcDRpddIhvGPKkfwmcqydG973rB5yxzeTXKmahggUScglntMRJ1vydtePaedspWjBvhz4zT0E7-j9d-CeFWNYpFua3RJ17J2oOxdLX6yEDCG44WkP0qKR50ORWfIBx0Ah_IZE0OWDFVkN5WyrVxyE.vIdPhBCr7fb57UUH0ETl3crleO-B7ZbaUUXFNyoC0Os&dib_tag=se&keywords=laptops&qid=1762353272&sr=8-24#customerReviews","2025-11-05 20:05:42"
"HP 15, 13th Gen Intel Core i5-1334U, (16GB DDR4,512GB SSD) Anti-Glare, Micro-Edge, FHD, 15.6''/39.6cm, Win11, M365 Basic(1yr)* Office24, Silver, 1.59kg, fd0577TU, Iris Xe, FHD Camera w/Shutter Laptop","B0F4R6H3NB","HP","52490","70841","(26% off)","In stock","3.7","N/A","Visit the HP Store","https://www.amazon.in/HP-i5-1334U-Anti-Glare-Micro-Edge-fd0577TU/dp/B0F4R6H3NB/ref=sr_1_25?dib=eyJ2IjoiMSJ9.VtxuAsqJJCfk3pn_PWFVlJfcKrddBVZgiVZnZ3TJUYJhKG6nA9mrpuPcsdpS30iiu7ZrgJJH466ESIwSHkbhsvlcDRpddIhvGPKkfwmcqydG973rB5yxzeTXKmahggUScglntMRJ1vydtePaedspWjBvhz4zT0E7-j9d-CeFWNYpFua3RJ17J2oOxdLX6yEDCG44WkP0qKR50ORWfIBx0Ah_IZE0OWDFVkN5WyrVxyE.vIdPhBCr7fb57UUH0ETl3crleO-B7ZbaUUXFNyoC0Os&dib_tag=se&keywords=laptops&qid=1762353272&sr=8-25","https://www.amazon.in/HP-i5-1334U-Anti-Glare-Micro-Edge-fd0577TU/dp/B0F4R6H3NB/ref=sr_1_25?dib=eyJ2IjoiMSJ9.VtxuAsqJJCfk3pn_PWFVlJfcKrddBVZgiVZnZ3TJUYJhKG6nA9mrpuPcsdpS30iiu7ZrgJJH466ESIwSHkbhsvlcDRpddIhvGPKkfwmcqydG973rB5yxzeTXKmahggUScglntMRJ1vydtePaedspWjBvhz4zT0E7-j9d-CeFWNYpFua3RJ17J2oOxdLX6yEDCG44WkP0qKR50ORWfIBx0Ah_IZE0OWDFVkN5WyrVxyE.vIdPhBCr7fb57UUH0ETl3crleO-B7ZbaUUXFNyoC0Os&dib_tag=se&keywords=laptops&qid=1762353272&sr=8-25#customerReviews","2025-11-05 20:05:55"
"ULTIMUS Pro Intel Celeron Dual Core Laptop 4GB RAM, 128GB M.2 Emmc Expandable~512GB Intel HD Graphics 2.0x1 3.0x1 USB HDMI Sd Card Slot ‎LPDDR4 Dual Speaker Dual Microphone Win 11 Home Gray, 1.2 kg","B0D98DS8ZR","ULTIMUS","11990","24990","(52% off)","In stock","3.5","N/A","Brand: FUTOPIA","https://www.amazon.in/ULTIMUS-Celeron-Expandable-512GB-Graphics-Microphone/dp/B0D98DS8ZR/ref=sr_1_26?dib=eyJ2IjoiMSJ9.VtxuAsqJJCfk3pn_PWFVlJfcKrddBVZgiVZnZ3TJUYJhKG6nA9mrpuPcsdpS30iiu7ZrgJJH466ESIwSHkbhsvlcDRpddIhvGPKkfwmcqydG973rB5yxzeTXKmahggUScglntMRJ1vydtePaedspWjBvhz4zT0E7-j9d-CeFWNYpFua3RJ17J2oOxdLX6yEDCG44WkP0qKR50ORWfIBx0Ah_IZE0OWDFVkN5WyrVxyE.vIdPhBCr7fb57UUH0ETl3crleO-B7ZbaUUXFNyoC0Os&dib_tag=se&keywords=laptops&qid=1762353272&sr=8-26","https://www.amazon.in/ULTIMUS-Celeron-Expandable-512GB-Graphics-Microphone/dp/B0D98DS8ZR/ref=sr_1_26?dib=eyJ2IjoiMSJ9.VtxuAsqJJCfk3pn_PWFVlJfcKrddBVZgiVZnZ3TJUYJhKG6nA9mrpuPcsdpS30iiu7ZrgJJH466ESIwSHkbhsvlcDRpddIhvGPKkfwmcqydG973rB5yxzeTXKmahggUScglntMRJ1vydtePaedspWjBvhz4zT0E7-j9d-CeFWNYpFua3RJ17J2oOxdLX6yEDCG44WkP0qKR50ORWfIBx0Ah_IZE0OWDFVkN5WyrVxyE.vIdPhBCr7fb57UUH0ETl3crleO-B7ZbaUUXFNyoC0Os&dib_tag=se&keywords=laptops&qid=1762353272&sr=8-26#customerReviews","2025-11-05 20:06:08"
"Acer Aspire 3 12th Gen Intel Core i3-1215U Premium Laptop (8GB RAM/512GB SSD/Windows 11 Home) A325-51,15.6"" Full HD IPS Display, 54Whr Battery, Silver, 1.69 Kg","B0CKLN7PSZ","Acer","29990","47999","(38% off)","In stock","4.0","N/A","Visit the acer Store","https://www.amazon.in/Acer-i3-1215U-Premium-Windows-AL15-52/dp/B0CKLN7PSZ/ref=sr_1_27?dib=eyJ2IjoiMSJ9.VtxuAsqJJCfk3pn_PWFVlJfcKrddBVZgiVZnZ3TJUYJhKG6nA9mrpuPcsdpS30iiu7ZrgJJH466ESIwSHkbhsvlcDRpddIhvGPKkfwmcqydG973rB5yxzeTXKmahggUScglntMRJ1vydtePaedspWjBvhz4zT0E7-j9d-CeFWNYpFua3RJ17J2oOxdLX6yEDCG44WkP0qKR50ORWfIBx0Ah_IZE0OWDFVkN5WyrVxyE.vIdPhBCr7fb57UUH0ETl3crleO-B7ZbaUUXFNyoC0Os&dib_tag=se&keywords=laptops&qid=1762353272&sr=8-27","https://www.amazon.in/Acer-i3-1215U-Premium-Windows-AL15-52/dp/B0CKLN7PSZ/ref=sr_1_27?dib=eyJ2IjoiMSJ9.VtxuAsqJJCfk3pn_PWFVlJfcKrddBVZgiVZnZ3TJUYJhKG6nA9mrpuPcsdpS30iiu7ZrgJJH466ESIwSHkbhsvlcDRpddIhvGPKkfwmcqydG973rB5yxzeTXKmahggUScglntMRJ1vydtePaedspWjBvhz4zT0E7-j9d-CeFWNYpFua3RJ17J2oOxdLX6yEDCG44WkP0qKR50ORWfIBx0Ah_IZE0OWDFVkN5WyrVxyE.vIdPhBCr7fb57UUH0ETl3crleO-B7ZbaUUXFNyoC0Os&dib_tag=se&keywords=laptops&qid=1762353272&sr=8-27#customerReviews","2025-11-05 20:06:22"
"acer TravelLite Smart FHD TL04-51M Laptop, Intel Core i5 1334u 13th Gen 8 Core with 16GB Ram / 512GB NVMe SSD/Intel Iris Xe Graphics/Windows 11 / MS-Office / 14 Inch / 1 Year Brand Warranty","B0FRSS1Y4G","acer","40980","128690","(68% off)","In stock","3.5","N/A","Visit the acer Store","https://www.amazon.in/acer-TravelLite-TL04-51M-Graphics-MS-Office/dp/B0FRSS1Y4G/ref=sr_1_28?dib=eyJ2IjoiMSJ9.VtxuAsqJJCfk3pn_PWFVlJfcKrddBVZgiVZnZ3TJUYJhKG6nA9mrpuPcsdpS30iiu7ZrgJJH466ESIwSHkbhsvlcDRpddIhvGPKkfwmcqydG973rB5yxzeTXKmahggUScglntMRJ1vydtePaedspWjBvhz4zT0E7-j9d-CeFWNYpFua3RJ17J2oOxdLX6yEDCG44WkP0qKR50ORWfIBx0Ah_IZE0OWDFVkN5WyrVxyE.vIdPhBCr7fb57UUH0ETl3crleO-B7ZbaUUXFNyoC0Os&dib_tag=se&keywords=laptops&qid=1762353272&sr=8-28","https://www.amazon.in/acer-TravelLite-TL04-51M-Graphics-MS-Office/dp/B0FRSS1Y4G/ref=sr_1_28?dib=eyJ2IjoiMSJ9.VtxuAsqJJCfk3pn_PWFVlJfcKrddBVZgiVZnZ3TJUYJhKG6nA9mrpuPcsdpS30iiu7ZrgJJH466ESIwSHkbhsvlcDRpddIhvGPKkfwmcqydG973rB5yxzeTXKmahggUScglntMRJ1vydtePaedspWjBvhz4zT0E7-j9d-CeFWNYpFua3RJ17J2oOxdLX6yEDCG44WkP0qKR50ORWfIBx0Ah_IZE0OWDFVkN5WyrVxyE.vIdPhBCr7fb57UUH0ETl3crleO-B7ZbaUUXFNyoC0Os&dib_tag=se&keywords=laptops&qid=1762353272&sr=8-28#customerReviews","2025-11-05 20:06:33"
"Acer Chromebook, Intel Celeron N4500, 8GB RAM, 128GB eMMC, Full HD LED Backlit TFT LCD 15.6""/39.6 cm, Chrome OS, Silver, 1.6 KG, CB315-4H, Intel Graphics, WiFi 6 Laptop","B0DH4M1MJ3","Acer","19990","33999","(41% off)","In stock","3.7","N/A","Visit the acer Store","https://www.amazon.in/Chromebook-CB315-4H-Celeron-Premium-Advanced/dp/B0DH4M1MJ3/ref=sr_1_29?dib=eyJ2IjoiMSJ9.VtxuAsqJJCfk3pn_PWFVlJfcKrddBVZgiVZnZ3TJUYJhKG6nA9mrpuPcsdpS30iiu7ZrgJJH466ESIwSHkbhsvlcDRpddIhvGPKkfwmcqydG973rB5yxzeTXKmahggUScglntMRJ1vydtePaedspWjBvhz4zT0E7-j9d-CeFWNYpFua3RJ17J2oOxdLX6yEDCG44WkP0qKR50ORWfIBx0Ah_IZE0OWDFVkN5WyrVxyE.vIdPhBCr7fb57UUH0ETl3crleO-B7ZbaUUXFNyoC0Os&dib_tag=se&keywords=laptops&qid=1762353272&sr=8-29","https://www.amazon.in/Chromebook-CB315-4H-Celeron-Premium-Advanced/dp/B0DH4M1MJ3/ref=sr_1_29?dib=eyJ2IjoiMSJ9.VtxuAsqJJCfk3pn_PWFVlJfcKrddBVZgiVZnZ3TJUYJhKG6nA9mrpuPcsdpS30iiu7ZrgJJH466ESIwSHkbhsvlcDRpddIhvGPKkfwmcqydG973rB5yxzeTXKmahggUScglntMRJ1vydtePaedspWjBvhz4zT0E7-j9d-CeFWNYpFua3RJ17J2oOxdLX6yEDCG44WkP0qKR50ORWfIBx0Ah_IZE0OWDFVkN5WyrVxyE.vIdPhBCr7fb57UUH0ETl3crleO-B7ZbaUUXFNyoC0Os&dib_tag=se&keywords=laptops&qid=1762353272&sr=8-29#customerReviews","2025-11-05 20:06:46"
"ASUS Vivobook 15, Smartchoice,Intel Core i5 13th Gen 13420H,16GB RAM, 512GB SSD, FHD 15.6"",Windows 11, Office Home 2024, Quiet Blue, 1.70 kg, X1502VA-BQ836WS,Intel UHD iGPU, M365 Basic (1Year)* Laptop","B0DTYKLHYC","ASUS","53990","69990","(23% off)","In stock","4.0","N/A","Visit the ASUS Store","https://www.amazon.in/ASUS-Vivobook-i5-13420H-Keyboard-X1502VA-BQ836WS/dp/B0DTYKLHYC/ref=sr_1_30?dib=eyJ2IjoiMSJ9.VtxuAsqJJCfk3pn_PWFVlJfcKrddBVZgiVZnZ3TJUYJhKG6nA9mrpuPcsdpS30iiu7ZrgJJH466ESIwSHkbhsvlcDRpddIhvGPKkfwmcqydG973rB5yxzeTXKmahggUScglntMRJ1vydtePaedspWjBvhz4zT0E7-j9d-CeFWNYpFua3RJ17J2oOxdLX6yEDCG44WkP0qKR50ORWfIBx0Ah_IZE0OWDFVkN5WyrVxyE.vIdPhBCr7fb57UUH0ETl3crleO-B7ZbaUUXFNyoC0Os&dib_tag=se&keywords=laptops&qid=1762353272&sr=8-30","https://www.amazon.in/ASUS-Vivobook-i5-13420H-Keyboard-X1502VA-BQ836WS/dp/B0DTYKLHYC/ref=sr_1_30?dib=eyJ2IjoiMSJ9.VtxuAsqJJCfk3pn_PWFVlJfcKrddBVZgiVZnZ3TJUYJhKG6nA9mrpuPcsdpS30iiu7ZrgJJH466ESIwSHkbhsvlcDRpddIhvGPKkfwmcqydG973rB5yxzeTXKmahggUScglntMRJ1vydtePaedspWjBvhz4zT0E7-j9d-CeFWNYpFua3RJ17J2oOxdLX6yEDCG44WkP0qKR50ORWfIBx0Ah_IZE0OWDFVkN5WyrVxyE.vIdPhBCr7fb57UUH0ETl3crleO-B7ZbaUUXFNyoC0Os&dib_tag=se&keywords=laptops&qid=1762353272&sr=8-30#customerReviews","2025-11-05 20:07:00"
"acer Aspire Lite, 12th gen, Intel Core i5-12450H Processor, 16 GB, 512GB, 15.6""/39.62 cm, Windows 11 Home, MSO, Pure Silver, 1.70 kg, AL15-52H, Backlit Keyboard","B0DDL495SX","acer","47990","66999","(28% off)","In stock","3.9","N/A","Visit the acer Store","https://www.amazon.in/Acer-i5-12450H-Windows11Home-AL15-52H-Keyboard/dp/B0DDL495SX/ref=sr_1_31?dib=eyJ2IjoiMSJ9.VtxuAsqJJCfk3pn_PWFVlJfcKrddBVZgiVZnZ3TJUYJhKG6nA9mrpuPcsdpS30iiu7ZrgJJH466ESIwSHkbhsvlcDRpddIhvGPKkfwmcqydG973rB5yxzeTXKmahggUScglntMRJ1vydtePaedspWjBvhz4zT0E7-j9d-CeFWNYpFua3RJ17J2oOxdLX6yEDCG44WkP0qKR50ORWfIBx0Ah_IZE0OWDFVkN5WyrVxyE.vIdPhBCr7fb57UUH0ETl3crleO-B7ZbaUUXFNyoC0Os&dib_tag=se&keywords=laptops&qid=1762353272&sr=8-31","https://www.amazon.in/Acer-i5-12450H-Windows11Home-AL15-52H-Keyboard/dp/B0DDL495SX/ref=sr_1_31?dib=eyJ2IjoiMSJ9.VtxuAsqJJCfk3pn_PWFVlJfcKrddBVZgiVZnZ3TJUYJhKG6nA9mrpuPcsdpS30iiu7ZrgJJH466ESIwSHkbhsvlcDRpddIhvGPKkfwmcqydG973rB5yxzeTXKmahggUScglntMRJ1vydtePaedspWjBvhz4zT0E7-j9d-CeFWNYpFua3RJ17J2oOxdLX6yEDCG44WkP0qKR50ORWfIBx0Ah_IZE0OWDFVkN5WyrVxyE.vIdPhBCr7fb57UUH0ETl3crleO-B7ZbaUUXFNyoC0Os&dib_tag=se&keywords=laptops&qid=1762353272&sr=8-31#customerReviews","2025-11-05 20:07:13"
"ASUS Vivobook 15, Smartchoice, AMD Ryzen 7 5825U, 16GB RAM, 512GB SSD, FHD 15.6"", Windows 11, Office Home 2024, Quiet Blue, 1.7Kg, M1502YA-BQ703WS, AMD Radeon iGPU, M365 Basic (1Year)*, 42Whr Laptop","B0FC2LKFSC","ASUS","45990","57990","(21% off)","In stock","4.0","N/A","Visit the ASUS Store","https://www.amazon.in/ASUS-Vivobook-Smartchoice-Windows-M1502YA-BQ703WS/dp/B0FC2LKFSC/ref=sr_1_32?dib=eyJ2IjoiMSJ9.VtxuAsqJJCfk3pn_PWFVlJfcKrddBVZgiVZnZ3TJUYJhKG6nA9mrpuPcsdpS30iiu7ZrgJJH466ESIwSHkbhsvlcDRpddIhvGPKkfwmcqydG973rB5yxzeTXKmahggUScglntMRJ1vydtePaedspWjBvhz4zT0E7-j9d-CeFWNYpFua3RJ17J2oOxdLX6yEDCG44WkP0qKR50ORWfIBx0Ah_IZE0OWDFVkN5WyrVxyE.vIdPhBCr7fb57UUH0ETl3crleO-B7ZbaUUXFNyoC0Os&dib_tag=se&keywords=laptops&qid=1762353272&sr=8-32","https://www.amazon.in/ASUS-Vivobook-Smartchoice-Windows-M1502YA-BQ703WS/dp/B0FC2LKFSC/ref=sr_1_32?dib=eyJ2IjoiMSJ9.VtxuAsqJJCfk3pn_PWFVlJfcKrddBVZgiVZnZ3TJUYJhKG6nA9mrpuPcsdpS30iiu7ZrgJJH466ESIwSHkbhsvlcDRpddIhvGPKkfwmcqydG973rB5yxzeTXKmahggUScglntMRJ1vydtePaedspWjBvhz4zT0E7-j9d-CeFWNYpFua3RJ17J2oOxdLX6yEDCG44WkP0qKR50ORWfIBx0Ah_IZE0OWDFVkN5WyrVxyE.vIdPhBCr7fb57UUH0ETl3crleO-B7ZbaUUXFNyoC0Os&dib_tag=se&keywords=laptops&qid=1762353272&sr=8-32#customerReviews","2025-11-05 20:07:30"
"Acer Aspire Lite, Intel Core i5 13th Gen - 1334U, 16GB RAM, 512GB SSD, Full HD 15.6""/39.62 cm, Windows 11 Home, MS Office, Steel Gray, 1.59 KG, AL15-53, Metal Body, Thin and Light Premium Laptop","B0DPXBHF8H","Acer","43695","77999","(44% off)","In stock","3.7","N/A","Visit the acer Store","https://www.amazon.in/Acer-Aspire-Lite-Intel-Core/dp/B0DPXBHF8H/ref=sr_1_33?dib=eyJ2IjoiMSJ9.IYZuYqMNG6Hbg3EVIBvP0LRi4_m81E_0uGpYt2BaagzOL1ZY2Ap1GazEjwv_YCOoRaXjoukN7W9iIP1qzuGufOt6j42y8xWVgv1evuJHHpgDLrbjwcrHRzbykq_JsXIgrfk7sWo1ylSTQDGM98Um4gfHvZS1Q8dfcP7DHmQqmVa-CUTIktMtSasfqiEEYcO1eRHeuaOgLAE7j4yq1yg5t1IylrFr7XzxUbLxWZTz_zc.hcUGEm9uGfF_kbBznWO8rFWPU1XpbZFpP-uUteNkl_g&dib_tag=se&keywords=laptops&qid=1762353490&sr=8-33","https://www.amazon.in/Acer-Aspire-Lite-Intel-Core/dp/B0DPXBHF8H/ref=sr_1_33?dib=eyJ2IjoiMSJ9.IYZuYqMNG6Hbg3EVIBvP0LRi4_m81E_0uGpYt2BaagzOL1ZY2Ap1GazEjwv_YCOoRaXjoukN7W9iIP1qzuGufOt6j42y8xWVgv1evuJHHpgDLrbjwcrHRzbykq_JsXIgrfk7sWo1ylSTQDGM98Um4gfHvZS1Q8dfcP7DHmQqmVa-CUTIktMtSasfqiEEYcO1eRHeuaOgLAE7j4yq1yg5t1IylrFr7XzxUbLxWZTz_zc.hcUGEm9uGfF_kbBznWO8rFWPU1XpbZFpP-uUteNkl_g&dib_tag=se&keywords=laptops&qid=1762353490&sr=8-33#customerReviews","2025-11-05 20:07:53"
"Lenovo IdeaPad Slim 3, 12th Gen Intel Core i5-12450H (16GB LPDDR5, 512GB SSD), Anti-glare, FHD 15.6""(39.6cm), Win 11, Office Home 2024, Arctic Grey, 1.62Kg, 83ER00MDIN, Thin & Light, Backlit KB Laptop","B0FH71SN5N","Lenovo","47400","70990","(33% off)","In stock","4.2","N/A","Visit the Lenovo Store","https://www.amazon.in/Lenovo-IdeaPad-i5-12450H-Anti-glare-83ER00MDIN/dp/B0FH71SN5N/ref=sr_1_34?dib=eyJ2IjoiMSJ9.IYZuYqMNG6Hbg3EVIBvP0LRi4_m81E_0uGpYt2BaagzOL1ZY2Ap1GazEjwv_YCOoRaXjoukN7W9iIP1qzuGufOt6j42y8xWVgv1evuJHHpgDLrbjwcrHRzbykq_JsXIgrfk7sWo1ylSTQDGM98Um4gfHvZS1Q8dfcP7DHmQqmVa-CUTIktMtSasfqiEEYcO1eRHeuaOgLAE7j4yq1yg5t1IylrFr7XzxUbLxWZTz_zc.hcUGEm9uGfF_kbBznWO8rFWPU1XpbZFpP-uUteNkl_g&dib_tag=se&keywords=laptops&qid=1762353490&sr=8-34","https://www.amazon.in/Lenovo-IdeaPad-i5-12450H-Anti-glare-83ER00MDIN/dp/B0FH71SN5N/ref=sr_1_34?dib=eyJ2IjoiMSJ9.IYZuYqMNG6Hbg3EVIBvP0LRi4_m81E_0uGpYt2BaagzOL1ZY2Ap1GazEjwv_YCOoRaXjoukN7W9iIP1qzuGufOt6j42y8xWVgv1evuJHHpgDLrbjwcrHRzbykq_JsXIgrfk7sWo1ylSTQDGM98Um4gfHvZS1Q8dfcP7DHmQqmVa-CUTIktMtSasfqiEEYcO1eRHeuaOgLAE7j4yq1yg5t1IylrFr7XzxUbLxWZTz_zc.hcUGEm9uGfF_kbBznWO8rFWPU1XpbZFpP-uUteNkl_g&dib_tag=se&keywords=laptops&qid=1762353490&sr=8-34#customerReviews","2025-11-05 20:08:07"
"Dell 15, AMD Ryzen 5-7530U Processor, 16GB RAM, 512GB SSD, FHD IPS 15.6""/39.62 cm 120Hz Display, Windows 11, MSO'24, Platinum Silver, 1.67kg, Standard Keyboard, 15 Month McAfee, Thin & Light Laptop","B0DSFRQTGB","Dell","46990","56919","(17% off)","In stock","4.1","N/A","Visit the Dell Store","https://www.amazon.in/Dell-Inspiron-5-7530U-Windows-Platinum/dp/B0DSFRQTGB/ref=sr_1_35?dib=eyJ2IjoiMSJ9.IYZuYqMNG6Hbg3EVIBvP0LRi4_m81E_0uGpYt2BaagzOL1ZY2Ap1GazEjwv_YCOoRaXjoukN7W9iIP1qzuGufOt6j42y8xWVgv1evuJHHpgDLrbjwcrHRzbykq_JsXIgrfk7sWo1ylSTQDGM98Um4gfHvZS1Q8dfcP7DHmQqmVa-CUTIktMtSasfqiEEYcO1eRHeuaOgLAE7j4yq1yg5t1IylrFr7XzxUbLxWZTz_zc.hcUGEm9uGfF_kbBznWO8rFWPU1XpbZFpP-uUteNkl_g&dib_tag=se&keywords=laptops&qid=1762353490&sr=8-35","https://www.amazon.in/Dell-Inspiron-5-7530U-Windows-Platinum/dp/B0DSFRQTGB/ref=sr_1_35?dib=eyJ2IjoiMSJ9.IYZuYqMNG6Hbg3EVIBvP0LRi4_m81E_0uGpYt2BaagzOL1ZY2Ap1GazEjwv_YCOoRaXjoukN7W9iIP1qzuGufOt6j42y8xWVgv1evuJHHpgDLrbjwcrHRzbykq_JsXIgrfk7sWo1ylSTQDGM98Um4gfHvZS1Q8dfcP7DHmQqmVa-CUTIktMtSasfqiEEYcO1eRHeuaOgLAE7j4yq1yg5t1IylrFr7XzxUbLxWZTz_zc.hcUGEm9uGfF_kbBznWO8rFWPU1XpbZFpP-uUteNkl_g&dib_tag=se&keywords=laptops&qid=1762353490&sr=8-35#customerReviews","2025-11-05 20:08:20"
"acer Aspire Go 14, Intel Core Ultra 5 125H (14th Gen),16GB DDR5 RAM/512GB SSD, WUXGA IPS, 14.0""/35.56 cm, Win 11, MS Office, Steel Gray, 1.5 kg, AG14-71M,Backlit Keyboard, AI Powered Premium Laptop","B0FDL57MKD","acer","56990","72999","(22% off)","In stock","3.5","N/A","Visit the acer Store","https://www.amazon.in/acer-AG14-71M-Backlit-Keyboard-Powered/dp/B0FDL57MKD/ref=sr_1_36?dib=eyJ2IjoiMSJ9.IYZuYqMNG6Hbg3EVIBvP0LRi4_m81E_0uGpYt2BaagzOL1ZY2Ap1GazEjwv_YCOoRaXjoukN7W9iIP1qzuGufOt6j42y8xWVgv1evuJHHpgDLrbjwcrHRzbykq_JsXIgrfk7sWo1ylSTQDGM98Um4gfHvZS1Q8dfcP7DHmQqmVa-CUTIktMtSasfqiEEYcO1eRHeuaOgLAE7j4yq1yg5t1IylrFr7XzxUbLxWZTz_zc.hcUGEm9uGfF_kbBznWO8rFWPU1XpbZFpP-uUteNkl_g&dib_tag=se&keywords=laptops&qid=1762353490&sr=8-36","https://www.amazon.in/acer-AG14-71M-Backlit-Keyboard-Powered/dp/B0FDL57MKD/ref=sr_1_36?dib=eyJ2IjoiMSJ9.IYZuYqMNG6Hbg3EVIBvP0LRi4_m81E_0uGpYt2BaagzOL1ZY2Ap1GazEjwv_YCOoRaXjoukN7W9iIP1qzuGufOt6j42y8xWVgv1evuJHHpgDLrbjwcrHRzbykq_JsXIgrfk7sWo1ylSTQDGM98Um4gfHvZS1Q8dfcP7DHmQqmVa-CUTIktMtSasfqiEEYcO1eRHeuaOgLAE7j4yq1yg5t1IylrFr7XzxUbLxWZTz_zc.hcUGEm9uGfF_kbBznWO8rFWPU1XpbZFpP-uUteNkl_g&dib_tag=se&keywords=laptops&qid=1762353490&sr=8-36#customerReviews","2025-11-05 20:08:34"
"HP 15, 13th Gen Intel Core i5-1334U Laptop (12GB DDR4,512GB SSD) Anti-Glare,Micro-Edge,15.6''/39.6cm, FHD, Win11,M365,Office24, Silver,1.59kg, Iris Xe Graphics, FHD Camera w/Privacy Shutter, fd0575TU","B0F4R3MMMR","HP","48990","68417","(28% off)","In stock","3.7","N/A","Visit the HP Store","https://www.amazon.in/HP-i5-1334U-Anti-Glare-Micro-Edge-fd0575TU/dp/B0F4R3MMMR/ref=sr_1_37?dib=eyJ2IjoiMSJ9.IYZuYqMNG6Hbg3EVIBvP0LRi4_m81E_0uGpYt2BaagzOL1ZY2Ap1GazEjwv_YCOoRaXjoukN7W9iIP1qzuGufOt6j42y8xWVgv1evuJHHpgDLrbjwcrHRzbykq_JsXIgrfk7sWo1ylSTQDGM98Um4gfHvZS1Q8dfcP7DHmQqmVa-CUTIktMtSasfqiEEYcO1eRHeuaOgLAE7j4yq1yg5t1IylrFr7XzxUbLxWZTz_zc.hcUGEm9uGfF_kbBznWO8rFWPU1XpbZFpP-uUteNkl_g&dib_tag=se&keywords=laptops&qid=1762353490&sr=8-37","https://www.amazon.in/HP-i5-1334U-Anti-Glare-Micro-Edge-fd0575TU/dp/B0F4R3MMMR/ref=sr_1_37?dib=eyJ2IjoiMSJ9.IYZuYqMNG6Hbg3EVIBvP0LRi4_m81E_0uGpYt2BaagzOL1ZY2Ap1GazEjwv_YCOoRaXjoukN7W9iIP1qzuGufOt6j42y8xWVgv1evuJHHpgDLrbjwcrHRzbykq_JsXIgrfk7sWo1ylSTQDGM98Um4gfHvZS1Q8dfcP7DHmQqmVa-CUTIktMtSasfqiEEYcO1eRHeuaOgLAE7j4yq1yg5t1IylrFr7XzxUbLxWZTz_zc.hcUGEm9uGfF_kbBznWO8rFWPU1XpbZFpP-uUteNkl_g&dib_tag=se&keywords=laptops&qid=1762353490&sr=8-37#customerReviews","2025-11-05 20:08:47"
"Acer Aspire 3 (2025) Intel Core i5 13th Gen 1334U - (16 GB/512 GB SSD/Intel UHD Graphics/Windows 11 Home) Thin and Light Laptop/15.6"" FHD IPS Display/Metal Body/Silver/1.5 Kg/MSO 2021/3 Years Warranty","B0FMWQ4FDK","Acer","41990","58990","(29% off)","Only 2 left in stock.","3.0","N/A","Visit the acer Store","https://www.amazon.in/Acer-Aspire-Intel-Core-1334U/dp/B0FMWQ4FDK/ref=sr_1_38?dib=eyJ2IjoiMSJ9.IYZuYqMNG6Hbg3EVIBvP0LRi4_m81E_0uGpYt2BaagzOL1ZY2Ap1GazEjwv_YCOoRaXjoukN7W9iIP1qzuGufOt6j42y8xWVgv1evuJHHpgDLrbjwcrHRzbykq_JsXIgrfk7sWo1ylSTQDGM98Um4gfHvZS1Q8dfcP7DHmQqmVa-CUTIktMtSasfqiEEYcO1eRHeuaOgLAE7j4yq1yg5t1IylrFr7XzxUbLxWZTz_zc.hcUGEm9uGfF_kbBznWO8rFWPU1XpbZFpP-uUteNkl_g&dib_tag=se&keywords=laptops&qid=1762353490&sr=8-38","https://www.amazon.in/Acer-Aspire-Intel-Core-1334U/dp/B0FMWQ4FDK/ref=sr_1_38?dib=eyJ2IjoiMSJ9.IYZuYqMNG6Hbg3EVIBvP0LRi4_m81E_0uGpYt2BaagzOL1ZY2Ap1GazEjwv_YCOoRaXjoukN7W9iIP1qzuGufOt6j42y8xWVgv1evuJHHpgDLrbjwcrHRzbykq_JsXIgrfk7sWo1ylSTQDGM98Um4gfHvZS1Q8dfcP7DHmQqmVa-CUTIktMtSasfqiEEYcO1eRHeuaOgLAE7j4yq1yg5t1IylrFr7XzxUbLxWZTz_zc.hcUGEm9uGfF_kbBznWO8rFWPU1XpbZFpP-uUteNkl_g&dib_tag=se&keywords=laptops&qid=1762353490&sr=8-38#customerReviews","2025-11-05 20:08:59"
"Lenovo 14 (2025), Intel Core i5 13th Gen 13420H - (16 GB/512 GB SSD/Intel UHD Graphics/Windows 11 Home) Thin and Light Business Laptop/14.0"" FHD Display/Iron Grey/1.4 kg/Microsoft Office 2021","B0FRYKL1S5","Lenovo","45910","100990","(55% off)","In stock","N/A","N/A","Visit the Lenovo Store","https://www.amazon.in/Lenovo-14-Intel-Core-13420H/dp/B0FRYKL1S5/ref=sr_1_39?dib=eyJ2IjoiMSJ9.IYZuYqMNG6Hbg3EVIBvP0LRi4_m81E_0uGpYt2BaagzOL1ZY2Ap1GazEjwv_YCOoRaXjoukN7W9iIP1qzuGufOt6j42y8xWVgv1evuJHHpgDLrbjwcrHRzbykq_JsXIgrfk7sWo1ylSTQDGM98Um4gfHvZS1Q8dfcP7DHmQqmVa-CUTIktMtSasfqiEEYcO1eRHeuaOgLAE7j4yq1yg5t1IylrFr7XzxUbLxWZTz_zc.hcUGEm9uGfF_kbBznWO8rFWPU1XpbZFpP-uUteNkl_g&dib_tag=se&keywords=laptops&qid=1762353490&sr=8-39","https://www.amazon.in/Lenovo-14-Intel-Core-13420H/dp/B0FRYKL1S5/ref=sr_1_39?dib=eyJ2IjoiMSJ9.IYZuYqMNG6Hbg3EVIBvP0LRi4_m81E_0uGpYt2BaagzOL1ZY2Ap1GazEjwv_YCOoRaXjoukN7W9iIP1qzuGufOt6j42y8xWVgv1evuJHHpgDLrbjwcrHRzbykq_JsXIgrfk7sWo1ylSTQDGM98Um4gfHvZS1Q8dfcP7DHmQqmVa-CUTIktMtSasfqiEEYcO1eRHeuaOgLAE7j4yq1yg5t1IylrFr7XzxUbLxWZTz_zc.hcUGEm9uGfF_kbBznWO8rFWPU1XpbZFpP-uUteNkl_g&dib_tag=se&keywords=laptops&qid=1762353490&sr=8-39#customerReviews","2025-11-05 20:09:10"
"HP 255 Athlon 4 GB/ 128 GB SSD/DOS","B0DV984J97","HP","23385","30336","(23% off)","Only 2 left in stock.","3.8","N/A","Visit the HP Store","https://www.amazon.in/HP-%E2%80%8E%E2%80%8ELaptop-Athlon-Silver-Windows/dp/B0DV984J97/ref=sr_1_40?dib=eyJ2IjoiMSJ9.IYZuYqMNG6Hbg3EVIBvP0LRi4_m81E_0uGpYt2BaagzOL1ZY2Ap1GazEjwv_YCOoRaXjoukN7W9iIP1qzuGufOt6j42y8xWVgv1evuJHHpgDLrbjwcrHRzbykq_JsXIgrfk7sWo1ylSTQDGM98Um4gfHvZS1Q8dfcP7DHmQqmVa-CUTIktMtSasfqiEEYcO1eRHeuaOgLAE7j4yq1yg5t1IylrFr7XzxUbLxWZTz_zc.hcUGEm9uGfF_kbBznWO8rFWPU1XpbZFpP-uUteNkl_g&dib_tag=se&keywords=laptops&qid=1762353490&sr=8-40","https://www.amazon.in/HP-%E2%80%8E%E2%80%8ELaptop-Athlon-Silver-Windows/dp/B0DV984J97/ref=sr_1_40?dib=eyJ2IjoiMSJ9.IYZuYqMNG6Hbg3EVIBvP0LRi4_m81E_0uGpYt2BaagzOL1ZY2Ap1GazEjwv_YCOoRaXjoukN7W9iIP1qzuGufOt6j42y8xWVgv1evuJHHpgDLrbjwcrHRzbykq_JsXIgrfk7sWo1ylSTQDGM98Um4gfHvZS1Q8dfcP7DHmQqmVa-CUTIktMtSasfqiEEYcO1eRHeuaOgLAE7j4yq1yg5t1IylrFr7XzxUbLxWZTz_zc.hcUGEm9uGfF_kbBznWO8rFWPU1XpbZFpP-uUteNkl_g&dib_tag=se&keywords=laptops&qid=1762353490&sr=8-40#customerReviews","2025-11-05 20:09:23"
"Lenovo IdeaPad Slim 3, Intel Core i7-13620H, 13th Gen, 16GB RAM, 512GB SSD, FHD IPS 300 Nits, 15""/38.1cm, Windows 11, MSOffice 21, Grey, 1.6Kg, 83EM008GIN,1Yr ADP Free,Alexa Built-in Laptop","B0D6NCVQZQ","Lenovo","63100","95000","(34% off)","In stock","4.1","N/A","Visit the Lenovo Store","https://www.amazon.in/Lenovo-IdeaPad-i7-13620H-38-1cm-83EM008GIN/dp/B0D6NCVQZQ/ref=sr_1_41?dib=eyJ2IjoiMSJ9.IYZuYqMNG6Hbg3EVIBvP0LRi4_m81E_0uGpYt2BaagzOL1ZY2Ap1GazEjwv_YCOoRaXjoukN7W9iIP1qzuGufOt6j42y8xWVgv1evuJHHpgDLrbjwcrHRzbykq_JsXIgrfk7sWo1ylSTQDGM98Um4gfHvZS1Q8dfcP7DHmQqmVa-CUTIktMtSasfqiEEYcO1eRHeuaOgLAE7j4yq1yg5t1IylrFr7XzxUbLxWZTz_zc.hcUGEm9uGfF_kbBznWO8rFWPU1XpbZFpP-uUteNkl_g&dib_tag=se&keywords=laptops&qid=1762353490&sr=8-41","https://www.amazon.in/Lenovo-IdeaPad-i7-13620H-38-1cm-83EM008GIN/dp/B0D6NCVQZQ/ref=sr_1_41?dib=eyJ2IjoiMSJ9.IYZuYqMNG6Hbg3EVIBvP0LRi4_m81E_0uGpYt2BaagzOL1ZY2Ap1GazEjwv_YCOoRaXjoukN7W9iIP1qzuGufOt6j42y8xWVgv1evuJHHpgDLrbjwcrHRzbykq_JsXIgrfk7sWo1ylSTQDGM98Um4gfHvZS1Q8dfcP7DHmQqmVa-CUTIktMtSasfqiEEYcO1eRHeuaOgLAE7j4yq1yg5t1IylrFr7XzxUbLxWZTz_zc.hcUGEm9uGfF_kbBznWO8rFWPU1XpbZFpP-uUteNkl_g&dib_tag=se&keywords=laptops&qid=1762353490&sr=8-41#customerReviews","2025-11-05 20:09:38"
"Lenovo IdeaPad Slim 1 AMD Ryzen 7 5700U 15.6"" HD Thin and Light Laptop (16GB/512GB SSD/Windows 11 Home/MS Office 2021/1 Year Warranty + 1 Year ADP/Cloud Grey/1.6Kg), 82R400EFIN","B0CYPX4D1T","Lenovo","44990","73690","(39% off)","In stock","3.8","N/A","Visit the Lenovo Store","https://www.amazon.in/Lenovo-IdeaPad-Windows-Warranty-82R400EFIN/dp/B0CYPX4D1T/ref=sr_1_42?dib=eyJ2IjoiMSJ9.IYZuYqMNG6Hbg3EVIBvP0LRi4_m81E_0uGpYt2BaagzOL1ZY2Ap1GazEjwv_YCOoRaXjoukN7W9iIP1qzuGufOt6j42y8xWVgv1evuJHHpgDLrbjwcrHRzbykq_JsXIgrfk7sWo1ylSTQDGM98Um4gfHvZS1Q8dfcP7DHmQqmVa-CUTIktMtSasfqiEEYcO1eRHeuaOgLAE7j4yq1yg5t1IylrFr7XzxUbLxWZTz_zc.hcUGEm9uGfF_kbBznWO8rFWPU1XpbZFpP-uUteNkl_g&dib_tag=se&keywords=laptops&qid=1762353490&sr=8-42","https://www.amazon.in/Lenovo-IdeaPad-Windows-Warranty-82R400EFIN/dp/B0CYPX4D1T/ref=sr_1_42?dib=eyJ2IjoiMSJ9.IYZuYqMNG6Hbg3EVIBvP0LRi4_m81E_0uGpYt2BaagzOL1ZY2Ap1GazEjwv_YCOoRaXjoukN7W9iIP1qzuGufOt6j42y8xWVgv1evuJHHpgDLrbjwcrHRzbykq_JsXIgrfk7sWo1ylSTQDGM98Um4gfHvZS1Q8dfcP7DHmQqmVa-CUTIktMtSasfqiEEYcO1eRHeuaOgLAE7j4yq1yg5t1IylrFr7XzxUbLxWZTz_zc.hcUGEm9uGfF_kbBznWO8rFWPU1XpbZFpP-uUteNkl_g&dib_tag=se&keywords=laptops&qid=1762353490&sr=8-42#customerReviews","2025-11-05 20:09:53"
"Lenovo V14 G4 (2024), Intel Core i3 13th Gen 1315U - (16GB/512GB SSD/Intel UHD Graphics/Windows 11) Thin and Light Smart Laptop/14.0"" FHD Display/Iron Grey/1.57 kg/MS Office","B0F5HM9J6S","Lenovo","35950","98990","(64% off)","In stock","3.4","N/A","Visit the Lenovo Store","https://www.amazon.in/Lenovo-Intel-Core-13th-1315U/dp/B0F5HM9J6S/ref=sr_1_43?dib=eyJ2IjoiMSJ9.IYZuYqMNG6Hbg3EVIBvP0LRi4_m81E_0uGpYt2BaagzOL1ZY2Ap1GazEjwv_YCOoRaXjoukN7W9iIP1qzuGufOt6j42y8xWVgv1evuJHHpgDLrbjwcrHRzbykq_JsXIgrfk7sWo1ylSTQDGM98Um4gfHvZS1Q8dfcP7DHmQqmVa-CUTIktMtSasfqiEEYcO1eRHeuaOgLAE7j4yq1yg5t1IylrFr7XzxUbLxWZTz_zc.hcUGEm9uGfF_kbBznWO8rFWPU1XpbZFpP-uUteNkl_g&dib_tag=se&keywords=laptops&qid=1762353490&sr=8-43","https://www.amazon.in/Lenovo-Intel-Core-13th-1315U/dp/B0F5HM9J6S/ref=sr_1_43?dib=eyJ2IjoiMSJ9.IYZuYqMNG6Hbg3EVIBvP0LRi4_m81E_0uGpYt2BaagzOL1ZY2Ap1GazEjwv_YCOoRaXjoukN7W9iIP1qzuGufOt6j42y8xWVgv1evuJHHpgDLrbjwcrHRzbykq_JsXIgrfk7sWo1ylSTQDGM98Um4gfHvZS1Q8dfcP7DHmQqmVa-CUTIktMtSasfqiEEYcO1eRHeuaOgLAE7j4yq1yg5t1IylrFr7XzxUbLxWZTz_zc.hcUGEm9uGfF_kbBznWO8rFWPU1XpbZFpP-uUteNkl_g&dib_tag=se&keywords=laptops&qid=1762353490&sr=8-43#customerReviews","2025-11-05 20:10:05"
"HP 15, AMD Ryzen 7 7735HS (16GB DDR5,512GB SSD) FHD, Anti-Glare, Micro-Edge, 15.6''/39.6cm, Win11, M365 Basic(1yr)* Office24, Silver, 1.59kg, fc1038AU, AMD Radeon FHD Camera w/Shutter, Backlit Laptop","B0F5W5FLPP","HP","60990","72718","(16% off)","In stock","4.0","N/A","Visit the HP Store","https://www.amazon.in/HP-Anti-Glare-Micro-Edge-Office24-fc1038AU/dp/B0F5W5FLPP/ref=sr_1_44?dib=eyJ2IjoiMSJ9.IYZuYqMNG6Hbg3EVIBvP0LRi4_m81E_0uGpYt2BaagzOL1ZY2Ap1GazEjwv_YCOoRaXjoukN7W9iIP1qzuGufOt6j42y8xWVgv1evuJHHpgDLrbjwcrHRzbykq_JsXIgrfk7sWo1ylSTQDGM98Um4gfHvZS1Q8dfcP7DHmQqmVa-CUTIktMtSasfqiEEYcO1eRHeuaOgLAE7j4yq1yg5t1IylrFr7XzxUbLxWZTz_zc.hcUGEm9uGfF_kbBznWO8rFWPU1XpbZFpP-uUteNkl_g&dib_tag=se&keywords=laptops&qid=1762353490&sr=8-44","https://www.amazon.in/HP-Anti-Glare-Micro-Edge-Office24-fc1038AU/dp/B0F5W5FLPP/ref=sr_1_44?dib=eyJ2IjoiMSJ9.IYZuYqMNG6Hbg3EVIBvP0LRi4_m81E_0uGpYt2BaagzOL1ZY2Ap1GazEjwv_YCOoRaXjoukN7W9iIP1qzuGufOt6j42y8xWVgv1evuJHHpgDLrbjwcrHRzbykq_JsXIgrfk7sWo1ylSTQDGM98Um4gfHvZS1Q8dfcP7DHmQqmVa-CUTIktMtSasfqiEEYcO1eRHeuaOgLAE7j4yq1yg5t1IylrFr7XzxUbLxWZTz_zc.hcUGEm9uGfF_kbBznWO8rFWPU1XpbZFpP-uUteNkl_g&dib_tag=se&keywords=laptops&qid=1762353490&sr=8-44#customerReviews","2025-11-05 20:10:18"
"HP Pavilion x360, 13th Gen Intel Core i5-1335U (16GB DDR4, 1TB SSD) FHD, 14''/35.6 cm, Touchscreen 2-in-1, Win 11, Office 21, Silver, 1.51 kg, ek1010TU/1149tu, FPR, 5MP Camera, B&O, Backlit Laptop","B0BRT8BRKY","HP","72490","99019","(27% off)","In stock","3.7","N/A","Visit the HP Store","https://www.amazon.in/HP-Pavilion-i5-1335U-Graphics-14-ek1010TU/dp/B0BRT8BRKY/ref=sr_1_45?dib=eyJ2IjoiMSJ9.IYZuYqMNG6Hbg3EVIBvP0LRi4_m81E_0uGpYt2BaagzOL1ZY2Ap1GazEjwv_YCOoRaXjoukN7W9iIP1qzuGufOt6j42y8xWVgv1evuJHHpgDLrbjwcrHRzbykq_JsXIgrfk7sWo1ylSTQDGM98Um4gfHvZS1Q8dfcP7DHmQqmVa-CUTIktMtSasfqiEEYcO1eRHeuaOgLAE7j4yq1yg5t1IylrFr7XzxUbLxWZTz_zc.hcUGEm9uGfF_kbBznWO8rFWPU1XpbZFpP-uUteNkl_g&dib_tag=se&keywords=laptops&qid=1762353490&sr=8-45","https://www.amazon.in/HP-Pavilion-i5-1335U-Graphics-14-ek1010TU/dp/B0BRT8BRKY/ref=sr_1_45?dib=eyJ2IjoiMSJ9.IYZuYqMNG6Hbg3EVIBvP0LRi4_m81E_0uGpYt2BaagzOL1ZY2Ap1GazEjwv_YCOoRaXjoukN7W9iIP1qzuGufOt6j42y8xWVgv1evuJHHpgDLrbjwcrHRzbykq_JsXIgrfk7sWo1ylSTQDGM98Um4gfHvZS1Q8dfcP7DHmQqmVa-CUTIktMtSasfqiEEYcO1eRHeuaOgLAE7j4yq1yg5t1IylrFr7XzxUbLxWZTz_zc.hcUGEm9uGfF_kbBznWO8rFWPU1XpbZFpP-uUteNkl_g&dib_tag=se&keywords=laptops&qid=1762353490&sr=8-45#customerReviews","2025-11-05 20:10:32"
"Lenovo V14 Intel Core i5 13th Gen 14"" FHD (1920x1080) Antiglare 250 Nits Thin and Light Laptop (16GB RAM/512GB SSD/Windows 11 Home/Office 2024/Iron Grey/1.43 kg), 83A0A0PTIN","B0FNS3DM56","Lenovo","47990","90000","(47% off)","In stock","3.6","N/A","Visit the Lenovo Store","https://www.amazon.in/Lenovo-1920x1080-Antiglare-Windows-83A0A0PTIN/dp/B0FNS3DM56/ref=sr_1_46?dib=eyJ2IjoiMSJ9.IYZuYqMNG6Hbg3EVIBvP0LRi4_m81E_0uGpYt2BaagzOL1ZY2Ap1GazEjwv_YCOoRaXjoukN7W9iIP1qzuGufOt6j42y8xWVgv1evuJHHpgDLrbjwcrHRzbykq_JsXIgrfk7sWo1ylSTQDGM98Um4gfHvZS1Q8dfcP7DHmQqmVa-CUTIktMtSasfqiEEYcO1eRHeuaOgLAE7j4yq1yg5t1IylrFr7XzxUbLxWZTz_zc.hcUGEm9uGfF_kbBznWO8rFWPU1XpbZFpP-uUteNkl_g&dib_tag=se&keywords=laptops&qid=1762353490&sr=8-46","https://www.amazon.in/Lenovo-1920x1080-Antiglare-Windows-83A0A0PTIN/dp/B0FNS3DM56/ref=sr_1_46?dib=eyJ2IjoiMSJ9.IYZuYqMNG6Hbg3EVIBvP0LRi4_m81E_0uGpYt2BaagzOL1ZY2Ap1GazEjwv_YCOoRaXjoukN7W9iIP1qzuGufOt6j42y8xWVgv1evuJHHpgDLrbjwcrHRzbykq_JsXIgrfk7sWo1ylSTQDGM98Um4gfHvZS1Q8dfcP7DHmQqmVa-CUTIktMtSasfqiEEYcO1eRHeuaOgLAE7j4yq1yg5t1IylrFr7XzxUbLxWZTz_zc.hcUGEm9uGfF_kbBznWO8rFWPU1XpbZFpP-uUteNkl_g&dib_tag=se&keywords=laptops&qid=1762353490&sr=8-46#customerReviews","2025-11-05 20:10:46"
"ASUS Vivobook Go 14, AMD Ryzen 5 7520U, 16GB RAM, 512GB SSD, FHD 14"", Windows 11, Office Home 2024, M365 Basic (1Year)*, Black, 1.38kg, E1404FA-EB2542WS, AMD Radeon iGPU, 42WHrs, Thin & Light Laptop","B09CLCHPLV","ASUS","40990","52990","(23% off)","In stock","4.0","N/A","Visit the ASUS Store","https://www.amazon.in/ASUS-Vivobook-Windows-Office-E1404FA-EB2542WS/dp/B09CLCHPLV/ref=sr_1_47?dib=eyJ2IjoiMSJ9.IYZuYqMNG6Hbg3EVIBvP0LRi4_m81E_0uGpYt2BaagzOL1ZY2Ap1GazEjwv_YCOoRaXjoukN7W9iIP1qzuGufOt6j42y8xWVgv1evuJHHpgDLrbjwcrHRzbykq_JsXIgrfk7sWo1ylSTQDGM98Um4gfHvZS1Q8dfcP7DHmQqmVa-CUTIktMtSasfqiEEYcO1eRHeuaOgLAE7j4yq1yg5t1IylrFr7XzxUbLxWZTz_zc.hcUGEm9uGfF_kbBznWO8rFWPU1XpbZFpP-uUteNkl_g&dib_tag=se&keywords=laptops&qid=1762353490&sr=8-47","https://www.amazon.in/ASUS-Vivobook-Windows-Office-E1404FA-EB2542WS/dp/B09CLCHPLV/ref=sr_1_47?dib=eyJ2IjoiMSJ9.IYZuYqMNG6Hbg3EVIBvP0LRi4_m81E_0uGpYt2BaagzOL1ZY2Ap1GazEjwv_YCOoRaXjoukN7W9iIP1qzuGufOt6j42y8xWVgv1evuJHHpgDLrbjwcrHRzbykq_JsXIgrfk7sWo1ylSTQDGM98Um4gfHvZS1Q8dfcP7DHmQqmVa-CUTIktMtSasfqiEEYcO1eRHeuaOgLAE7j4yq1yg5t1IylrFr7XzxUbLxWZTz_zc.hcUGEm9uGfF_kbBznWO8rFWPU1XpbZFpP-uUteNkl_g&dib_tag=se&keywords=laptops&qid=1762353490&sr=8-47#customerReviews","2025-11-05 20:10:58"
"Apple 2025 MacBook Air (13-inch, Apple M4 chip with 10-core CPU and 8-core GPU, 16GB Unified Memory, 256GB) - Sky Blue","B0DZDDQ429","Apple","94990","99900","(5% off)","In stock","4.6","N/A","Visit the Apple Store","https://www.amazon.in/Apple-MacBook-13-inch-10-core-Unified/dp/B0DZDDQ429/ref=sr_1_48?dib=eyJ2IjoiMSJ9.IYZuYqMNG6Hbg3EVIBvP0LRi4_m81E_0uGpYt2BaagzOL1ZY2Ap1GazEjwv_YCOoRaXjoukN7W9iIP1qzuGufOt6j42y8xWVgv1evuJHHpgDLrbjwcrHRzbykq_JsXIgrfk7sWo1ylSTQDGM98Um4gfHvZS1Q8dfcP7DHmQqmVa-CUTIktMtSasfqiEEYcO1eRHeuaOgLAE7j4yq1yg5t1IylrFr7XzxUbLxWZTz_zc.hcUGEm9uGfF_kbBznWO8rFWPU1XpbZFpP-uUteNkl_g&dib_tag=se&keywords=laptops&qid=1762353490&sr=8-48","https://www.amazon.in/Apple-MacBook-13-inch-10-core-Unified/dp/B0DZDDQ429/ref=sr_1_48?dib=eyJ2IjoiMSJ9.IYZuYqMNG6Hbg3EVIBvP0LRi4_m81E_0uGpYt2BaagzOL1ZY2Ap1GazEjwv_YCOoRaXjoukN7W9iIP1qzuGufOt6j42y8xWVgv1evuJHHpgDLrbjwcrHRzbykq_JsXIgrfk7sWo1ylSTQDGM98Um4gfHvZS1Q8dfcP7DHmQqmVa-CUTIktMtSasfqiEEYcO1eRHeuaOgLAE7j4yq1yg5t1IylrFr7XzxUbLxWZTz_zc.hcUGEm9uGfF_kbBznWO8rFWPU1XpbZFpP-uUteNkl_g&dib_tag=se&keywords=laptops&qid=1762353490&sr=8-48#customerReviews","2025-11-05 20:11:11"
"Dell Inspiron 3530, Intel Core i5-1334U, 13th Gen, 16GB RAM, 512 SSD, FHD, 15.6""/39.62cm, Windows 11, MS Office 24, Black, 1.62KG, McAfee 15 Month, Thin & Light Laptop","B0F92Y6S6G","Dell","49199","80000","(39% off)","In stock","2.9","N/A","Visit the Dell Store","https://www.amazon.in/Dell-Inspiron-3530-i5-1334U-15/dp/B0F92Y6S6G/ref=sr_1_49?dib=eyJ2IjoiMSJ9.BPa9Cy1Us0pxYSzEAmAcvFqUpwBF9TRoNIKNFHTsvmZmeK0CUvAF-ex8l1nPxQFuTlnUBUravOLxN7HfJBIXbxpbjDnCOQ8npVF2YseUieFyJjznd-GKygL9oEXYs70hF5BEIE5a8Js_eZsYKWlRKvyOarZlOAZkPF0A9e2RPH9tWIZauEjA3LPJ-Ad7SqxyHSqDW5kqvarE-58B99kt5OqLkNYJDjvY2Z3iq3fQqeY.DrU4P4z16cmx90LOqixGLahAWBbjTXPdy6LLmfHbuYk&dib_tag=se&keywords=laptops&qid=1762353712&sr=8-49","https://www.amazon.in/Dell-Inspiron-3530-i5-1334U-15/dp/B0F92Y6S6G/ref=sr_1_49?dib=eyJ2IjoiMSJ9.BPa9Cy1Us0pxYSzEAmAcvFqUpwBF9TRoNIKNFHTsvmZmeK0CUvAF-ex8l1nPxQFuTlnUBUravOLxN7HfJBIXbxpbjDnCOQ8npVF2YseUieFyJjznd-GKygL9oEXYs70hF5BEIE5a8Js_eZsYKWlRKvyOarZlOAZkPF0A9e2RPH9tWIZauEjA3LPJ-Ad7SqxyHSqDW5kqvarE-58B99kt5OqLkNYJDjvY2Z3iq3fQqeY.DrU4P4z16cmx90LOqixGLahAWBbjTXPdy6LLmfHbuYk&dib_tag=se&keywords=laptops&qid=1762353712&sr=8-49#customerReviews","2025-11-05 20:11:31"
"HP Professional 15 (2025), Intel Core i5 13th Gen 1334U - (16 GB/512 GB SSD/Intel Iris Xe Graphics/Windows 11 Pro) Thin and Light Business Laptop/15.6"" FHD Display/Backlit/Turbo Silver/1.5 kg/MSO 2021","B0CT8W287L","HP","53999","75000","(28% off)","In stock","5.0","N/A","Visit the HP Store","https://www.amazon.in/HP-Professional-Intel-Core-1334U/dp/B0CT8W287L/ref=sr_1_50?dib=eyJ2IjoiMSJ9.BPa9Cy1Us0pxYSzEAmAcvFqUpwBF9TRoNIKNFHTsvmZmeK0CUvAF-ex8l1nPxQFuTlnUBUravOLxN7HfJBIXbxpbjDnCOQ8npVF2YseUieFyJjznd-GKygL9oEXYs70hF5BEIE5a8Js_eZsYKWlRKvyOarZlOAZkPF0A9e2RPH9tWIZauEjA3LPJ-Ad7SqxyHSqDW5kqvarE-58B99kt5OqLkNYJDjvY2Z3iq3fQqeY.DrU4P4z16cmx90LOqixGLahAWBbjTXPdy6LLmfHbuYk&dib_tag=se&keywords=laptops&qid=1762353712&sr=8-50","https://www.amazon.in/HP-Professional-Intel-Core-1334U/dp/B0CT8W287L/ref=sr_1_50?dib=eyJ2IjoiMSJ9.BPa9Cy1Us0pxYSzEAmAcvFqUpwBF9TRoNIKNFHTsvmZmeK0CUvAF-ex8l1nPxQFuTlnUBUravOLxN7HfJBIXbxpbjDnCOQ8npVF2YseUieFyJjznd-GKygL9oEXYs70hF5BEIE5a8Js_eZsYKWlRKvyOarZlOAZkPF0A9e2RPH9tWIZauEjA3LPJ-Ad7SqxyHSqDW5kqvarE-58B99kt5OqLkNYJDjvY2Z3iq3fQqeY.DrU4P4z16cmx90LOqixGLahAWBbjTXPdy6LLmfHbuYk&dib_tag=se&keywords=laptops&qid=1762353712&sr=8-50#customerReviews","2025-11-05 20:11:45"
"HP Omen, 14th Gen Intel Core i7-14650HX, 8GB RTX 5050, 24GB DDR5(Upgradeable) 1TB SSD, 165Hz, 2k WUXGA, 3ms, 400 nits, 16''/40.6cm, Win11, M365* Office24, Black, 2.43kg, am0241TX, RGB Gaming Laptop","B0FDKRKC92","HP","129990","162996","(20% off)","In stock","4.2","N/A","Visit the HP Store","https://www.amazon.in/HP-i7-14650HX-Upgradeable-Office24-am0241TX/dp/B0FDKRKC92/ref=sr_1_51?dib=eyJ2IjoiMSJ9.BPa9Cy1Us0pxYSzEAmAcvFqUpwBF9TRoNIKNFHTsvmZmeK0CUvAF-ex8l1nPxQFuTlnUBUravOLxN7HfJBIXbxpbjDnCOQ8npVF2YseUieFyJjznd-GKygL9oEXYs70hF5BEIE5a8Js_eZsYKWlRKvyOarZlOAZkPF0A9e2RPH9tWIZauEjA3LPJ-Ad7SqxyHSqDW5kqvarE-58B99kt5OqLkNYJDjvY2Z3iq3fQqeY.DrU4P4z16cmx90LOqixGLahAWBbjTXPdy6LLmfHbuYk&dib_tag=se&keywords=laptops&qid=1762353712&sr=8-51","https://www.amazon.in/HP-i7-14650HX-Upgradeable-Office24-am0241TX/dp/B0FDKRKC92/ref=sr_1_51?dib=eyJ2IjoiMSJ9.BPa9Cy1Us0pxYSzEAmAcvFqUpwBF9TRoNIKNFHTsvmZmeK0CUvAF-ex8l1nPxQFuTlnUBUravOLxN7HfJBIXbxpbjDnCOQ8npVF2YseUieFyJjznd-GKygL9oEXYs70hF5BEIE5a8Js_eZsYKWlRKvyOarZlOAZkPF0A9e2RPH9tWIZauEjA3LPJ-Ad7SqxyHSqDW5kqvarE-58B99kt5OqLkNYJDjvY2Z3iq3fQqeY.DrU4P4z16cmx90LOqixGLahAWBbjTXPdy6LLmfHbuYk&dib_tag=se&keywords=laptops&qid=1762353712&sr=8-51#customerReviews","2025-11-05 20:11:57"
"HP (4 GB/128 GB SSD/DOS NO Windows) 15.6"" HD Black","B0FKM37XT7","HP","24387.80","78690","(69% off)","In stock","4.0","N/A","Visit the HP Store","https://www.amazon.in/HP-128-Windows-15-6-Black/dp/B0FKM37XT7/ref=sr_1_52?dib=eyJ2IjoiMSJ9.BPa9Cy1Us0pxYSzEAmAcvFqUpwBF9TRoNIKNFHTsvmZmeK0CUvAF-ex8l1nPxQFuTlnUBUravOLxN7HfJBIXbxpbjDnCOQ8npVF2YseUieFyJjznd-GKygL9oEXYs70hF5BEIE5a8Js_eZsYKWlRKvyOarZlOAZkPF0A9e2RPH9tWIZauEjA3LPJ-Ad7SqxyHSqDW5kqvarE-58B99kt5OqLkNYJDjvY2Z3iq3fQqeY.DrU4P4z16cmx90LOqixGLahAWBbjTXPdy6LLmfHbuYk&dib_tag=se&keywords=laptops&qid=1762353712&sr=8-52","https://www.amazon.in/HP-128-Windows-15-6-Black/dp/B0FKM37XT7/ref=sr_1_52?dib=eyJ2IjoiMSJ9.BPa9Cy1Us0pxYSzEAmAcvFqUpwBF9TRoNIKNFHTsvmZmeK0CUvAF-ex8l1nPxQFuTlnUBUravOLxN7HfJBIXbxpbjDnCOQ8npVF2YseUieFyJjznd-GKygL9oEXYs70hF5BEIE5a8Js_eZsYKWlRKvyOarZlOAZkPF0A9e2RPH9tWIZauEjA3LPJ-Ad7SqxyHSqDW5kqvarE-58B99kt5OqLkNYJDjvY2Z3iq3fQqeY.DrU4P4z16cmx90LOqixGLahAWBbjTXPdy6LLmfHbuYk&dib_tag=se&keywords=laptops&qid=1762353712&sr=8-52#customerReviews","2025-11-05 20:12:09"
"Samsung Galaxy Book4 (Gray, 16GB RAM, 512GB SSD) | 15.6"" Full HD Screen | Intel Core i5 1335U Processor | Windows 11 Home | MS Office 2021 | Fingerprint Reader | Intel Iris XE Graphics | RJ45 LAN Port","B0D143SJ9R","Samsung","53000","82789","(36% off)","In stock","4.1","N/A","Visit the Samsung Store","https://www.amazon.in/Samsung-Processor-Windows-Fingerprint-Graphics/dp/B0D143SJ9R/ref=sr_1_53?dib=eyJ2IjoiMSJ9.BPa9Cy1Us0pxYSzEAmAcvFqUpwBF9TRoNIKNFHTsvmZmeK0CUvAF-ex8l1nPxQFuTlnUBUravOLxN7HfJBIXbxpbjDnCOQ8npVF2YseUieFyJjznd-GKygL9oEXYs70hF5BEIE5a8Js_eZsYKWlRKvyOarZlOAZkPF0A9e2RPH9tWIZauEjA3LPJ-Ad7SqxyHSqDW5kqvarE-58B99kt5OqLkNYJDjvY2Z3iq3fQqeY.DrU4P4z16cmx90LOqixGLahAWBbjTXPdy6LLmfHbuYk&dib_tag=se&keywords=laptops&qid=1762353712&sr=8-53","https://www.amazon.in/Samsung-Processor-Windows-Fingerprint-Graphics/dp/B0D143SJ9R/ref=sr_1_53?dib=eyJ2IjoiMSJ9.BPa9Cy1Us0pxYSzEAmAcvFqUpwBF9TRoNIKNFHTsvmZmeK0CUvAF-ex8l1nPxQFuTlnUBUravOLxN7HfJBIXbxpbjDnCOQ8npVF2YseUieFyJjznd-GKygL9oEXYs70hF5BEIE5a8Js_eZsYKWlRKvyOarZlOAZkPF0A9e2RPH9tWIZauEjA3LPJ-Ad7SqxyHSqDW5kqvarE-58B99kt5OqLkNYJDjvY2Z3iq3fQqeY.DrU4P4z16cmx90LOqixGLahAWBbjTXPdy6LLmfHbuYk&dib_tag=se&keywords=laptops&qid=1762353712&sr=8-53#customerReviews","2025-11-05 20:12:23"
"ASUS TUF Gaming A15, AMD Ryzen 7 7435HS Gaming Laptop(NVIDIA RTX 3050-4GB/60W TGP/16GB RAM/512GB SSD/FHD/15.6""/144Hz/RGB KB/48WHr/Windows 11//Graphite Black/2.30 Kg) FA506NCR-HN054W","B0D5DFR78J","ASUS","65990","83990","(21% off)","In stock","4.1","N/A","Visit the ASUS Store","https://www.amazon.in/ASUS-15-6-inch-GeForce-Graphite-FA506NCR-HN054W/dp/B0D5DFR78J/ref=sr_1_54?dib=eyJ2IjoiMSJ9.BPa9Cy1Us0pxYSzEAmAcvFqUpwBF9TRoNIKNFHTsvmZmeK0CUvAF-ex8l1nPxQFuTlnUBUravOLxN7HfJBIXbxpbjDnCOQ8npVF2YseUieFyJjznd-GKygL9oEXYs70hF5BEIE5a8Js_eZsYKWlRKvyOarZlOAZkPF0A9e2RPH9tWIZauEjA3LPJ-Ad7SqxyHSqDW5kqvarE-58B99kt5OqLkNYJDjvY2Z3iq3fQqeY.DrU4P4z16cmx90LOqixGLahAWBbjTXPdy6LLmfHbuYk&dib_tag=se&keywords=laptops&qid=1762353712&sr=8-54","https://www.amazon.in/ASUS-15-6-inch-GeForce-Graphite-FA506NCR-HN054W/dp/B0D5DFR78J/ref=sr_1_54?dib=eyJ2IjoiMSJ9.BPa9Cy1Us0pxYSzEAmAcvFqUpwBF9TRoNIKNFHTsvmZmeK0CUvAF-ex8l1nPxQFuTlnUBUravOLxN7HfJBIXbxpbjDnCOQ8npVF2YseUieFyJjznd-GKygL9oEXYs70hF5BEIE5a8Js_eZsYKWlRKvyOarZlOAZkPF0A9e2RPH9tWIZauEjA3LPJ-Ad7SqxyHSqDW5kqvarE-58B99kt5OqLkNYJDjvY2Z3iq3fQqeY.DrU4P4z16cmx90LOqixGLahAWBbjTXPdy6LLmfHbuYk&dib_tag=se&keywords=laptops&qid=1762353712&sr=8-54#customerReviews","2025-11-05 20:12:37"
"Lenovo V15 G4 (2024), AMD Ryzen 3 7320U Quad Core - (8GB/512GB SSD/AMD Radeon Graphics/Windows 11 Pro) Thin and Light Business Laptop/15.6"" FHD Display/Arctic Grey/1.57 kg/MS Office 2021","B0DHFSN5M7","Lenovo","28990","54000","(46% off)","In stock","3.8","N/A","Visit the Lenovo Store","https://www.amazon.in/Lenovo-V15-Ryzen-7320U-Quad/dp/B0DHFSN5M7/ref=sr_1_55?dib=eyJ2IjoiMSJ9.BPa9Cy1Us0pxYSzEAmAcvFqUpwBF9TRoNIKNFHTsvmZmeK0CUvAF-ex8l1nPxQFuTlnUBUravOLxN7HfJBIXbxpbjDnCOQ8npVF2YseUieFyJjznd-GKygL9oEXYs70hF5BEIE5a8Js_eZsYKWlRKvyOarZlOAZkPF0A9e2RPH9tWIZauEjA3LPJ-Ad7SqxyHSqDW5kqvarE-58B99kt5OqLkNYJDjvY2Z3iq3fQqeY.DrU4P4z16cmx90LOqixGLahAWBbjTXPdy6LLmfHbuYk&dib_tag=se&keywords=laptops&qid=1762353712&sr=8-55","https://www.amazon.in/Lenovo-V15-Ryzen-7320U-Quad/dp/B0DHFSN5M7/ref=sr_1_55?dib=eyJ2IjoiMSJ9.BPa9Cy1Us0pxYSzEAmAcvFqUpwBF9TRoNIKNFHTsvmZmeK0CUvAF-ex8l1nPxQFuTlnUBUravOLxN7HfJBIXbxpbjDnCOQ8npVF2YseUieFyJjznd-GKygL9oEXYs70hF5BEIE5a8Js_eZsYKWlRKvyOarZlOAZkPF0A9e2RPH9tWIZauEjA3LPJ-Ad7SqxyHSqDW5kqvarE-58B99kt5OqLkNYJDjvY2Z3iq3fQqeY.DrU4P4z16cmx90LOqixGLahAWBbjTXPdy6LLmfHbuYk&dib_tag=se&keywords=laptops&qid=1762353712&sr=8-55#customerReviews","2025-11-05 20:12:50"
"Acer ALG, Intel Core i7-13th Gen 13620H Processor, NVIDIA GeForce RTX 3050 6GB(16GB/1TB) FHD, 15.6""/39.62 cm, 144Hz, Win 11 Home, Steel Gray, 1.99kg, AL15G-53, Backlit Keyboard, Gaming Laptop","B0DKJQNJ92","Acer","73500","89500","(18% off)","In stock","3.6","N/A","Visit the acer Store","https://www.amazon.in/Acer-i7-13th-Processor-AL15G-53-Keyboard/dp/B0DKJQNJ92/ref=sr_1_56?dib=eyJ2IjoiMSJ9.BPa9Cy1Us0pxYSzEAmAcvFqUpwBF9TRoNIKNFHTsvmZmeK0CUvAF-ex8l1nPxQFuTlnUBUravOLxN7HfJBIXbxpbjDnCOQ8npVF2YseUieFyJjznd-GKygL9oEXYs70hF5BEIE5a8Js_eZsYKWlRKvyOarZlOAZkPF0A9e2RPH9tWIZauEjA3LPJ-Ad7SqxyHSqDW5kqvarE-58B99kt5OqLkNYJDjvY2Z3iq3fQqeY.DrU4P4z16cmx90LOqixGLahAWBbjTXPdy6LLmfHbuYk&dib_tag=se&keywords=laptops&qid=1762353712&sr=8-56","https://www.amazon.in/Acer-i7-13th-Processor-AL15G-53-Keyboard/dp/B0DKJQNJ92/ref=sr_1_56?dib=eyJ2IjoiMSJ9.BPa9Cy1Us0pxYSzEAmAcvFqUpwBF9TRoNIKNFHTsvmZmeK0CUvAF-ex8l1nPxQFuTlnUBUravOLxN7HfJBIXbxpbjDnCOQ8npVF2YseUieFyJjznd-GKygL9oEXYs70hF5BEIE5a8Js_eZsYKWlRKvyOarZlOAZkPF0A9e2RPH9tWIZauEjA3LPJ-Ad7SqxyHSqDW5kqvarE-58B99kt5OqLkNYJDjvY2Z3iq3fQqeY.DrU4P4z16cmx90LOqixGLahAWBbjTXPdy6LLmfHbuYk&dib_tag=se&keywords=laptops&qid=1762353712&sr=8-56#customerReviews","2025-11-05 20:13:04"
"DELL 15 (2025) Intel Core i3 13th Gen 1315U - (16 GB/512 GB SSD/Intel UHD Graphics/Windows 11 Pro) Thin and Light Business Laptop/15.6"" HD Display/Smoky Black/1.5 kg/MSO 2021/1 Year ADP Warranty","B0FCMYSMLW","DELL","38990","98760","(61% off)","In stock","3.5","N/A","Visit the Dell Store","https://www.amazon.in/DELL-15-Intel-Core-1315U/dp/B0FCMYSMLW/ref=sr_1_57?dib=eyJ2IjoiMSJ9.BPa9Cy1Us0pxYSzEAmAcvFqUpwBF9TRoNIKNFHTsvmZmeK0CUvAF-ex8l1nPxQFuTlnUBUravOLxN7HfJBIXbxpbjDnCOQ8npVF2YseUieFyJjznd-GKygL9oEXYs70hF5BEIE5a8Js_eZsYKWlRKvyOarZlOAZkPF0A9e2RPH9tWIZauEjA3LPJ-Ad7SqxyHSqDW5kqvarE-58B99kt5OqLkNYJDjvY2Z3iq3fQqeY.DrU4P4z16cmx90LOqixGLahAWBbjTXPdy6LLmfHbuYk&dib_tag=se&keywords=laptops&qid=1762353712&sr=8-57","https://www.amazon.in/DELL-15-Intel-Core-1315U/dp/B0FCMYSMLW/ref=sr_1_57?dib=eyJ2IjoiMSJ9.BPa9Cy1Us0pxYSzEAmAcvFqUpwBF9TRoNIKNFHTsvmZmeK0CUvAF-ex8l1nPxQFuTlnUBUravOLxN7HfJBIXbxpbjDnCOQ8npVF2YseUieFyJjznd-GKygL9oEXYs70hF5BEIE5a8Js_eZsYKWlRKvyOarZlOAZkPF0A9e2RPH9tWIZauEjA3LPJ-Ad7SqxyHSqDW5kqvarE-58B99kt5OqLkNYJDjvY2Z3iq3fQqeY.DrU4P4z16cmx90LOqixGLahAWBbjTXPdy6LLmfHbuYk&dib_tag=se&keywords=laptops&qid=1762353712&sr=8-57#customerReviews","2025-11-05 20:13:16"
"DELL Renewed Intel Core i3 10th Gen 1005U - (4 GB/256GB SSD/Intel UHD Graphics/Windows 9 Home) Thin and Light Business Laptop/14.0"" FHD+ IPS Display/Ice Blue/1.4 kg","B0FKMQPDPM","DELL","31890","78690","(59% off)","In stock","4.0","N/A","Visit the Dell Store","https://www.amazon.in/DELL-Renewed-Intel-Core-1005U/dp/B0FKMQPDPM/ref=sr_1_58?dib=eyJ2IjoiMSJ9.BPa9Cy1Us0pxYSzEAmAcvFqUpwBF9TRoNIKNFHTsvmZmeK0CUvAF-ex8l1nPxQFuTlnUBUravOLxN7HfJBIXbxpbjDnCOQ8npVF2YseUieFyJjznd-GKygL9oEXYs70hF5BEIE5a8Js_eZsYKWlRKvyOarZlOAZkPF0A9e2RPH9tWIZauEjA3LPJ-Ad7SqxyHSqDW5kqvarE-58B99kt5OqLkNYJDjvY2Z3iq3fQqeY.DrU4P4z16cmx90LOqixGLahAWBbjTXPdy6LLmfHbuYk&dib_tag=se&keywords=laptops&qid=1762353712&sr=8-58","https://www.amazon.in/DELL-Renewed-Intel-Core-1005U/dp/B0FKMQPDPM/ref=sr_1_58?dib=eyJ2IjoiMSJ9.BPa9Cy1Us0pxYSzEAmAcvFqUpwBF9TRoNIKNFHTsvmZmeK0CUvAF-ex8l1nPxQFuTlnUBUravOLxN7HfJBIXbxpbjDnCOQ8npVF2YseUieFyJjznd-GKygL9oEXYs70hF5BEIE5a8Js_eZsYKWlRKvyOarZlOAZkPF0A9e2RPH9tWIZauEjA3LPJ-Ad7SqxyHSqDW5kqvarE-58B99kt5OqLkNYJDjvY2Z3iq3fQqeY.DrU4P4z16cmx90LOqixGLahAWBbjTXPdy6LLmfHbuYk&dib_tag=se&keywords=laptops&qid=1762353712&sr=8-58#customerReviews","2025-11-05 20:13:29"
"ASUS Vivobook 16, Snapdragon X, 16GB RAM, 512GB SSD, FHD+ 16"", Windows 11, Office Home 2024, Quiet Blue, 1.88kg, X1607QA-MB049WS, Qualcomm Adreno iGPU, 45TOPS, M365 Basic (1Year)* Laptop","B0DX1VZDTG","ASUS","58990","84990","(31% off)","In stock","4.2","N/A","Visit the ASUS Store","https://www.amazon.in/ASUS-Vivobook-Snapdragon-Qualcomm-X1607QA-MB049WS/dp/B0DX1VZDTG/ref=sr_1_59?dib=eyJ2IjoiMSJ9.BPa9Cy1Us0pxYSzEAmAcvFqUpwBF9TRoNIKNFHTsvmZmeK0CUvAF-ex8l1nPxQFuTlnUBUravOLxN7HfJBIXbxpbjDnCOQ8npVF2YseUieFyJjznd-GKygL9oEXYs70hF5BEIE5a8Js_eZsYKWlRKvyOarZlOAZkPF0A9e2RPH9tWIZauEjA3LPJ-Ad7SqxyHSqDW5kqvarE-58B99kt5OqLkNYJDjvY2Z3iq3fQqeY.DrU4P4z16cmx90LOqixGLahAWBbjTXPdy6LLmfHbuYk&dib_tag=se&keywords=laptops&qid=1762353712&sr=8-59","https://www.amazon.in/ASUS-Vivobook-Snapdragon-Qualcomm-X1607QA-MB049WS/dp/B0DX1VZDTG/ref=sr_1_59?dib=eyJ2IjoiMSJ9.BPa9Cy1Us0pxYSzEAmAcvFqUpwBF9TRoNIKNFHTsvmZmeK0CUvAF-ex8l1nPxQFuTlnUBUravOLxN7HfJBIXbxpbjDnCOQ8npVF2YseUieFyJjznd-GKygL9oEXYs70hF5BEIE5a8Js_eZsYKWlRKvyOarZlOAZkPF0A9e2RPH9tWIZauEjA3LPJ-Ad7SqxyHSqDW5kqvarE-58B99kt5OqLkNYJDjvY2Z3iq3fQqeY.DrU4P4z16cmx90LOqixGLahAWBbjTXPdy6LLmfHbuYk&dib_tag=se&keywords=laptops&qid=1762353712&sr=8-59#customerReviews","2025-11-05 20:13:43"
"HP Laptop 255 G9 (2024), AMD Athlon Silver 3050U - (8GB/256GB SSD/AMD Radeon Graphics/Windows 11) Thin and Light Business Laptop/15.6"" (39.62cm)/Black/1.47 kg/MS Office 2021","B0DJCTPW2L","HP","24975","78690","(68% off)","In stock","3.5","N/A","Visit the HP Store","https://www.amazon.in/HP-Laptop-255-Athlon-Silver/dp/B0DJCTPW2L/ref=sr_1_60?dib=eyJ2IjoiMSJ9.BPa9Cy1Us0pxYSzEAmAcvFqUpwBF9TRoNIKNFHTsvmZmeK0CUvAF-ex8l1nPxQFuTlnUBUravOLxN7HfJBIXbxpbjDnCOQ8npVF2YseUieFyJjznd-GKygL9oEXYs70hF5BEIE5a8Js_eZsYKWlRKvyOarZlOAZkPF0A9e2RPH9tWIZauEjA3LPJ-Ad7SqxyHSqDW5kqvarE-58B99kt5OqLkNYJDjvY2Z3iq3fQqeY.DrU4P4z16cmx90LOqixGLahAWBbjTXPdy6LLmfHbuYk&dib_tag=se&keywords=laptops&qid=1762353712&sr=8-60","https://www.amazon.in/HP-Laptop-255-Athlon-Silver/dp/B0DJCTPW2L/ref=sr_1_60?dib=eyJ2IjoiMSJ9.BPa9Cy1Us0pxYSzEAmAcvFqUpwBF9TRoNIKNFHTsvmZmeK0CUvAF-ex8l1nPxQFuTlnUBUravOLxN7HfJBIXbxpbjDnCOQ8npVF2YseUieFyJjznd-GKygL9oEXYs70hF5BEIE5a8Js_eZsYKWlRKvyOarZlOAZkPF0A9e2RPH9tWIZauEjA3LPJ-Ad7SqxyHSqDW5kqvarE-58B99kt5OqLkNYJDjvY2Z3iq3fQqeY.DrU4P4z16cmx90LOqixGLahAWBbjTXPdy6LLmfHbuYk&dib_tag=se&keywords=laptops&qid=1762353712&sr=8-60#customerReviews","2025-11-05 20:13:57"
"ASUS TUF A15, AMD Ryzen 7 7445HS, Gaming Laptop(RTX 3050-4GB/75W TGP/16GB RAM/512GB SSD/FHD/15.6""/144Hz/Backlit Keyboard/48Whrs/Win11/MS Office24/Graphite Black/2.3 Kg) FA506NCG-HN200WS","B0FQ335QW6","ASUS","70890","85990","(18% off)","In stock","4.2","N/A","Visit the ASUS Store","https://www.amazon.in/ASUS-3050-4GB-Keyboard-Office24-FA506NCG-HN200WS/dp/B0FQ335QW6/ref=sr_1_61?dib=eyJ2IjoiMSJ9.BPa9Cy1Us0pxYSzEAmAcvFqUpwBF9TRoNIKNFHTsvmZmeK0CUvAF-ex8l1nPxQFuTlnUBUravOLxN7HfJBIXbxpbjDnCOQ8npVF2YseUieFyJjznd-GKygL9oEXYs70hF5BEIE5a8Js_eZsYKWlRKvyOarZlOAZkPF0A9e2RPH9tWIZauEjA3LPJ-Ad7SqxyHSqDW5kqvarE-58B99kt5OqLkNYJDjvY2Z3iq3fQqeY.DrU4P4z16cmx90LOqixGLahAWBbjTXPdy6LLmfHbuYk&dib_tag=se&keywords=laptops&qid=1762353712&sr=8-61","https://www.amazon.in/ASUS-3050-4GB-Keyboard-Office24-FA506NCG-HN200WS/dp/B0FQ335QW6/ref=sr_1_61?dib=eyJ2IjoiMSJ9.BPa9Cy1Us0pxYSzEAmAcvFqUpwBF9TRoNIKNFHTsvmZmeK0CUvAF-ex8l1nPxQFuTlnUBUravOLxN7HfJBIXbxpbjDnCOQ8npVF2YseUieFyJjznd-GKygL9oEXYs70hF5BEIE5a8Js_eZsYKWlRKvyOarZlOAZkPF0A9e2RPH9tWIZauEjA3LPJ-Ad7SqxyHSqDW5kqvarE-58B99kt5OqLkNYJDjvY2Z3iq3fQqeY.DrU4P4z16cmx90LOqixGLahAWBbjTXPdy6LLmfHbuYk&dib_tag=se&keywords=laptops&qid=1762353712&sr=8-61#customerReviews","2025-11-05 20:14:11"
"HP 14, 13th Gen Intel Core i5-1334U Laptop (16GB RAM, 512GB SSD), Anti-Glare, IPS, 14""/35.6cm, FHD, Win 11, MS Office 2021, Silver, 1.4Kg, Intel Iris Xe Graphics, FHD Camera,Backlit KB, gr0002TU","B0F84G9DVX","HP","53000","65800","(19% off)","In stock","5.0","N/A","Visit the HP Store","https://www.amazon.in/HP-i5-1334U-Anti-Glare-Graphics-gr0002TU/dp/B0F84G9DVX/ref=sr_1_62?dib=eyJ2IjoiMSJ9.BPa9Cy1Us0pxYSzEAmAcvFqUpwBF9TRoNIKNFHTsvmZmeK0CUvAF-ex8l1nPxQFuTlnUBUravOLxN7HfJBIXbxpbjDnCOQ8npVF2YseUieFyJjznd-GKygL9oEXYs70hF5BEIE5a8Js_eZsYKWlRKvyOarZlOAZkPF0A9e2RPH9tWIZauEjA3LPJ-Ad7SqxyHSqDW5kqvarE-58B99kt5OqLkNYJDjvY2Z3iq3fQqeY.DrU4P4z16cmx90LOqixGLahAWBbjTXPdy6LLmfHbuYk&dib_tag=se&keywords=laptops&qid=1762353712&sr=8-62","https://www.amazon.in/HP-i5-1334U-Anti-Glare-Graphics-gr0002TU/dp/B0F84G9DVX/ref=sr_1_62?dib=eyJ2IjoiMSJ9.BPa9Cy1Us0pxYSzEAmAcvFqUpwBF9TRoNIKNFHTsvmZmeK0CUvAF-ex8l1nPxQFuTlnUBUravOLxN7HfJBIXbxpbjDnCOQ8npVF2YseUieFyJjznd-GKygL9oEXYs70hF5BEIE5a8Js_eZsYKWlRKvyOarZlOAZkPF0A9e2RPH9tWIZauEjA3LPJ-Ad7SqxyHSqDW5kqvarE-58B99kt5OqLkNYJDjvY2Z3iq3fQqeY.DrU4P4z16cmx90LOqixGLahAWBbjTXPdy6LLmfHbuYk&dib_tag=se&keywords=laptops&qid=1762353712&sr=8-62#customerReviews","2025-11-05 20:14:32"
"Dell Vostro, Intel Core i3 13th Gen - 1305U, 16GB DDR4 RAM, 512GB, FHD 15.6""/39.6 cm, Windows 11, Office H&S 2024, Carbon Grey, 1.66Kg, 120Hz 250 nits Narrow Border Display, Intel UHD Graphics Laptop","B0FG2RJ9NC","Dell","41990","54479","(23% off)","In stock","3.7","N/A","Visit the Dell Store","https://www.amazon.in/Dell-Vostro-Intel-Core-13th/dp/B0FG2RJ9NC/ref=sr_1_63?dib=eyJ2IjoiMSJ9.BPa9Cy1Us0pxYSzEAmAcvFqUpwBF9TRoNIKNFHTsvmZmeK0CUvAF-ex8l1nPxQFuTlnUBUravOLxN7HfJBIXbxpbjDnCOQ8npVF2YseUieFyJjznd-GKygL9oEXYs70hF5BEIE5a8Js_eZsYKWlRKvyOarZlOAZkPF0A9e2RPH9tWIZauEjA3LPJ-Ad7SqxyHSqDW5kqvarE-58B99kt5OqLkNYJDjvY2Z3iq3fQqeY.DrU4P4z16cmx90LOqixGLahAWBbjTXPdy6LLmfHbuYk&dib_tag=se&keywords=laptops&qid=1762353712&sr=8-63","https://www.amazon.in/Dell-Vostro-Intel-Core-13th/dp/B0FG2RJ9NC/ref=sr_1_63?dib=eyJ2IjoiMSJ9.BPa9Cy1Us0pxYSzEAmAcvFqUpwBF9TRoNIKNFHTsvmZmeK0CUvAF-ex8l1nPxQFuTlnUBUravOLxN7HfJBIXbxpbjDnCOQ8npVF2YseUieFyJjznd-GKygL9oEXYs70hF5BEIE5a8Js_eZsYKWlRKvyOarZlOAZkPF0A9e2RPH9tWIZauEjA3LPJ-Ad7SqxyHSqDW5kqvarE-58B99kt5OqLkNYJDjvY2Z3iq3fQqeY.DrU4P4z16cmx90LOqixGLahAWBbjTXPdy6LLmfHbuYk&dib_tag=se&keywords=laptops&qid=1762353712&sr=8-63#customerReviews","2025-11-05 20:14:45"
"HP Professional 15 (2025), Intel Core i5 13th Gen 1334U - (32 GB/512 GB SSD/Intel Iris Xe Graphics/Windows 11 Pro) Thin and Light Business Laptop/15.6"" FHD Display/Backlit/Turbo Silver/1.5 kg/MSO 2021","B0FPBGJWVZ","HP","57990","75000","(23% off)","In stock","1.0","N/A","Visit the HP Store","https://www.amazon.in/HP-Professional-15-Intel-1334U/dp/B0FPBGJWVZ/ref=sr_1_64?dib=eyJ2IjoiMSJ9.BPa9Cy1Us0pxYSzEAmAcvFqUpwBF9TRoNIKNFHTsvmZmeK0CUvAF-ex8l1nPxQFuTlnUBUravOLxN7HfJBIXbxpbjDnCOQ8npVF2YseUieFyJjznd-GKygL9oEXYs70hF5BEIE5a8Js_eZsYKWlRKvyOarZlOAZkPF0A9e2RPH9tWIZauEjA3LPJ-Ad7SqxyHSqDW5kqvarE-58B99kt5OqLkNYJDjvY2Z3iq3fQqeY.DrU4P4z16cmx90LOqixGLahAWBbjTXPdy6LLmfHbuYk&dib_tag=se&keywords=laptops&qid=1762353712&sr=8-64","https://www.amazon.in/HP-Professional-15-Intel-1334U/dp/B0FPBGJWVZ/ref=sr_1_64?dib=eyJ2IjoiMSJ9.BPa9Cy1Us0pxYSzEAmAcvFqUpwBF9TRoNIKNFHTsvmZmeK0CUvAF-ex8l1nPxQFuTlnUBUravOLxN7HfJBIXbxpbjDnCOQ8npVF2YseUieFyJjznd-GKygL9oEXYs70hF5BEIE5a8Js_eZsYKWlRKvyOarZlOAZkPF0A9e2RPH9tWIZauEjA3LPJ-Ad7SqxyHSqDW5kqvarE-58B99kt5OqLkNYJDjvY2Z3iq3fQqeY.DrU4P4z16cmx90LOqixGLahAWBbjTXPdy6LLmfHbuYk&dib_tag=se&keywords=laptops&qid=1762353712&sr=8-64#customerReviews","2025-11-05 20:14:58"
