Product_Name,Product_ASIN,Brand,Price,MRP,Discount,Stock_Status,Rating,Reviews,Seller,Product_Link,Reviews_Link,Scraped_At
"Apple 2025 MacBook Air 13-inch Laptop with M4 chip: Built for Apple Intelligence, 13.6-inch Liquid Retina Display, 24GB Unified Memory, 512GB SSD Storage, 12MP Center Stage Camera, Touch ID; Midnight",B0DZDBHQPQ,Apple,,,(2 used & new offers),Unknown,4.8,,,https://www.amazon.in/Apple-2025-MacBook-13-inch-Laptop/dp/B0DZDBHQPQ/ref=sr_1_1?dib=eyJ2IjoiMSJ9.hfGYTxOIYvX0Gh4FD7CFF4F-2JuyVuEqv_AQATpyQT766Xi42cU719ugNYEPFmHOwILY6fORqA48YJ_eJj3P7T_Sn5xnq8GFbyHKykxeE4k1ZhL8Yv4zTLijCMCAsy0GhBH6LIWd9Rmdk5a9Tos7hgDHJEwmEh912MGiVv9X_xtAm5rH9HiUmhsJsz2dSxmjegYguZCyrp-eFkGh5RMZhlEVqkiOgxlpzw3ayOnBubU.Re2fdvZZEgKbM9mV-rNcU3XOy9lSF1-MNAfxT574PYM&dib_tag=se&keywords=laptops&qid=1761746816&sr=8-1,https://www.amazon.in/Apple-2025-MacBook-13-inch-Laptop/dp/B0DZDBHQPQ/ref=sr_1_1?dib=eyJ2IjoiMSJ9.hfGYTxOIYvX0Gh4FD7CFF4F-2JuyVuEqv_AQATpyQT766Xi42cU719ugNYEPFmHOwILY6fORqA48YJ_eJj3P7T_Sn5xnq8GFbyHKykxeE4k1ZhL8Yv4zTLijCMCAsy0GhBH6LIWd9Rmdk5a9Tos7hgDHJEwmEh912MGiVv9X_xtAm5rH9HiUmhsJsz2dSxmjegYguZCyrp-eFkGh5RMZhlEVqkiOgxlpzw3ayOnBubU.Re2fdvZZEgKbM9mV-rNcU3XOy9lSF1-MNAfxT574PYM&dib_tag=se&keywords=laptops&qid=1761746816&sr=8-1#customerReviews,2025-10-29 19:36:34
"laptop 16-inch , 8GB DDR 256GB SSD portable laptop computer, expandable to 1TB, Pentium quad-core CPU up to2.64 Hz, 9000mAh battery, interface, USB3.0 interface, dual-band WiFi, webcam, slim laptops",B0FQ1ZB6QK,laptop,,,(1 new offer),Unknown,4.3,,,https://www.amazon.in/portable-expandable-quad-core-interface-dual-band/dp/B0FQ1ZB6QK/ref=sr_1_2?dib=eyJ2IjoiMSJ9.hfGYTxOIYvX0Gh4FD7CFF4F-2JuyVuEqv_AQATpyQT766Xi42cU719ugNYEPFmHOwILY6fORqA48YJ_eJj3P7T_Sn5xnq8GFbyHKykxeE4k1ZhL8Yv4zTLijCMCAsy0GhBH6LIWd9Rmdk5a9Tos7hgDHJEwmEh912MGiVv9X_xtAm5rH9HiUmhsJsz2dSxmjegYguZCyrp-eFkGh5RMZhlEVqkiOgxlpzw3ayOnBubU.Re2fdvZZEgKbM9mV-rNcU3XOy9lSF1-MNAfxT574PYM&dib_tag=se&keywords=laptops&qid=1761746816&sr=8-2,https://www.amazon.in/portable-expandable-quad-core-interface-dual-band/dp/B0FQ1ZB6QK/ref=sr_1_2?dib=eyJ2IjoiMSJ9.hfGYTxOIYvX0Gh4FD7CFF4F-2JuyVuEqv_AQATpyQT766Xi42cU719ugNYEPFmHOwILY6fORqA48YJ_eJj3P7T_Sn5xnq8GFbyHKykxeE4k1ZhL8Yv4zTLijCMCAsy0GhBH6LIWd9Rmdk5a9Tos7hgDHJEwmEh912MGiVv9X_xtAm5rH9HiUmhsJsz2dSxmjegYguZCyrp-eFkGh5RMZhlEVqkiOgxlpzw3ayOnBubU.Re2fdvZZEgKbM9mV-rNcU3XOy9lSF1-MNAfxT574PYM&dib_tag=se&keywords=laptops&qid=1761746816&sr=8-2#customerReviews,2025-10-29 19:36:34
"ASUS Vivobook 15 Laptop: 15.6"" Full HD Display, Latest Generation Intel Core 5 120U, 16GB RAM, 512GB SSD, Wi-Fi 6, Windows 11 Home, Silver",B0FTZYNPKQ,ASUS,,,(1 new offer),Unknown,,,,https://www.amazon.in/ASUS-Vivobook-15-Laptop-Generation/dp/B0FTZYNPKQ/ref=sr_1_3?dib=eyJ2IjoiMSJ9.hfGYTxOIYvX0Gh4FD7CFF4F-2JuyVuEqv_AQATpyQT766Xi42cU719ugNYEPFmHOwILY6fORqA48YJ_eJj3P7T_Sn5xnq8GFbyHKykxeE4k1ZhL8Yv4zTLijCMCAsy0GhBH6LIWd9Rmdk5a9Tos7hgDHJEwmEh912MGiVv9X_xtAm5rH9HiUmhsJsz2dSxmjegYguZCyrp-eFkGh5RMZhlEVqkiOgxlpzw3ayOnBubU.Re2fdvZZEgKbM9mV-rNcU3XOy9lSF1-MNAfxT574PYM&dib_tag=se&keywords=laptops&qid=1761746816&sr=8-3,https://www.amazon.in/ASUS-Vivobook-15-Laptop-Generation/dp/B0FTZYNPKQ/ref=sr_1_3?dib=eyJ2IjoiMSJ9.hfGYTxOIYvX0Gh4FD7CFF4F-2JuyVuEqv_AQATpyQT766Xi42cU719ugNYEPFmHOwILY6fORqA48YJ_eJj3P7T_Sn5xnq8GFbyHKykxeE4k1ZhL8Yv4zTLijCMCAsy0GhBH6LIWd9Rmdk5a9Tos7hgDHJEwmEh912MGiVv9X_xtAm5rH9HiUmhsJsz2dSxmjegYguZCyrp-eFkGh5RMZhlEVqkiOgxlpzw3ayOnBubU.Re2fdvZZEgKbM9mV-rNcU3XOy9lSF1-MNAfxT574PYM&dib_tag=se&keywords=laptops&qid=1761746816&sr=8-3#customerReviews,2025-10-29 19:36:34
"Dell Inspiron Touchscreen Laptop, 15.6"" Business & Student Laptop Computer, Windows 11 Pro Laptop 32GB RAM 1TB SSD, Intel i5-1155G7 Processor, Full HD IPS Display, Numeric Keypad, HDMI, Carbon Black",B0CTPCTW66,Dell,,,(9 used & new offers),Unknown,4.2,,,https://www.amazon.in/Dell-Inspiron-Touchscreen-i5-1155G7-Processor/dp/B0CTPCTW66/ref=sr_1_4?dib=eyJ2IjoiMSJ9.hfGYTxOIYvX0Gh4FD7CFF4F-2JuyVuEqv_AQATpyQT766Xi42cU719ugNYEPFmHOwILY6fORqA48YJ_eJj3P7T_Sn5xnq8GFbyHKykxeE4k1ZhL8Yv4zTLijCMCAsy0GhBH6LIWd9Rmdk5a9Tos7hgDHJEwmEh912MGiVv9X_xtAm5rH9HiUmhsJsz2dSxmjegYguZCyrp-eFkGh5RMZhlEVqkiOgxlpzw3ayOnBubU.Re2fdvZZEgKbM9mV-rNcU3XOy9lSF1-MNAfxT574PYM&dib_tag=se&keywords=laptops&qid=1761746816&sr=8-4,https://www.amazon.in/Dell-Inspiron-Touchscreen-i5-1155G7-Processor/dp/B0CTPCTW66/ref=sr_1_4?dib=eyJ2IjoiMSJ9.hfGYTxOIYvX0Gh4FD7CFF4F-2JuyVuEqv_AQATpyQT766Xi42cU719ugNYEPFmHOwILY6fORqA48YJ_eJj3P7T_Sn5xnq8GFbyHKykxeE4k1ZhL8Yv4zTLijCMCAsy0GhBH6LIWd9Rmdk5a9Tos7hgDHJEwmEh912MGiVv9X_xtAm5rH9HiUmhsJsz2dSxmjegYguZCyrp-eFkGh5RMZhlEVqkiOgxlpzw3ayOnBubU.Re2fdvZZEgKbM9mV-rNcU3XOy9lSF1-MNAfxT574PYM&dib_tag=se&keywords=laptops&qid=1761746816&sr=8-4#customerReviews,2025-10-29 19:36:34
"Laptop,15.6'' Laptop Computer,8GB RAM LPDDR4 128GB SSD(Expandable to 1TB), AMD Athlon Processor Up to 2.6 GHz,WiFi 5,BT 5.0, Webcam, Poratable Student and Business Laptops",B0FGJGQYQ3,"Laptop,15.6''",,,(1 new offer),Unknown,5.0,,,https://www.amazon.in/VIGSENUP-Computer-Expandable-Processor-Poratable/dp/B0FGJGQYQ3/ref=sr_1_5?dib=eyJ2IjoiMSJ9.hfGYTxOIYvX0Gh4FD7CFF4F-2JuyVuEqv_AQATpyQT766Xi42cU719ugNYEPFmHOwILY6fORqA48YJ_eJj3P7T_Sn5xnq8GFbyHKykxeE4k1ZhL8Yv4zTLijCMCAsy0GhBH6LIWd9Rmdk5a9Tos7hgDHJEwmEh912MGiVv9X_xtAm5rH9HiUmhsJsz2dSxmjegYguZCyrp-eFkGh5RMZhlEVqkiOgxlpzw3ayOnBubU.Re2fdvZZEgKbM9mV-rNcU3XOy9lSF1-MNAfxT574PYM&dib_tag=se&keywords=laptops&qid=1761746816&sr=8-5,https://www.amazon.in/VIGSENUP-Computer-Expandable-Processor-Poratable/dp/B0FGJGQYQ3/ref=sr_1_5?dib=eyJ2IjoiMSJ9.hfGYTxOIYvX0Gh4FD7CFF4F-2JuyVuEqv_AQATpyQT766Xi42cU719ugNYEPFmHOwILY6fORqA48YJ_eJj3P7T_Sn5xnq8GFbyHKykxeE4k1ZhL8Yv4zTLijCMCAsy0GhBH6LIWd9Rmdk5a9Tos7hgDHJEwmEh912MGiVv9X_xtAm5rH9HiUmhsJsz2dSxmjegYguZCyrp-eFkGh5RMZhlEVqkiOgxlpzw3ayOnBubU.Re2fdvZZEgKbM9mV-rNcU3XOy9lSF1-MNAfxT574PYM&dib_tag=se&keywords=laptops&qid=1761746816&sr=8-5#customerReviews,2025-10-29 19:36:34
"HP 14 Laptop, Intel Celeron N4020, 4 GB RAM, 64 GB Storage, 14-inch Micro-edge HD Display, Windows 11 Home, Thin & Portable, 4K Graphics, One Year of Microsoft 365 (14-dq0040nr, Snowflake White)",B0947BJ67M,HP,,,(103 used & new offers),Unknown,4.1,,,https://www.amazon.in/HP-Micro-edge-Microsoft-14-dq0040nr-Snowflake/dp/B0947BJ67M/ref=sr_1_6?dib=eyJ2IjoiMSJ9.hfGYTxOIYvX0Gh4FD7CFF4F-2JuyVuEqv_AQATpyQT766Xi42cU719ugNYEPFmHOwILY6fORqA48YJ_eJj3P7T_Sn5xnq8GFbyHKykxeE4k1ZhL8Yv4zTLijCMCAsy0GhBH6LIWd9Rmdk5a9Tos7hgDHJEwmEh912MGiVv9X_xtAm5rH9HiUmhsJsz2dSxmjegYguZCyrp-eFkGh5RMZhlEVqkiOgxlpzw3ayOnBubU.Re2fdvZZEgKbM9mV-rNcU3XOy9lSF1-MNAfxT574PYM&dib_tag=se&keywords=laptops&qid=1761746816&sr=8-6,https://www.amazon.in/HP-Micro-edge-Microsoft-14-dq0040nr-Snowflake/dp/B0947BJ67M/ref=sr_1_6?dib=eyJ2IjoiMSJ9.hfGYTxOIYvX0Gh4FD7CFF4F-2JuyVuEqv_AQATpyQT766Xi42cU719ugNYEPFmHOwILY6fORqA48YJ_eJj3P7T_Sn5xnq8GFbyHKykxeE4k1ZhL8Yv4zTLijCMCAsy0GhBH6LIWd9Rmdk5a9Tos7hgDHJEwmEh912MGiVv9X_xtAm5rH9HiUmhsJsz2dSxmjegYguZCyrp-eFkGh5RMZhlEVqkiOgxlpzw3ayOnBubU.Re2fdvZZEgKbM9mV-rNcU3XOy9lSF1-MNAfxT574PYM&dib_tag=se&keywords=laptops&qid=1761746816&sr=8-6#customerReviews,2025-10-29 19:36:34
"HP Chromebook 14 Laptop, Intel Celeron N4120, 4 GB RAM, 64 GB eMMC, 14"" HD Display, Chrome OS, Thin Design, 4K Graphics, Long Battery Life, Ash Gray Keyboard (14a-na0226nr, 2022, Mineral Silver)",B09SVSBVP1,HP,,,(25 used & new offers),Unknown,4.3,,,https://www.amazon.in/HP-Chromebook-Graphics-Keyboard-14a-na0226nr/dp/B09SVSBVP1/ref=sr_1_7?dib=eyJ2IjoiMSJ9.hfGYTxOIYvX0Gh4FD7CFF4F-2JuyVuEqv_AQATpyQT766Xi42cU719ugNYEPFmHOwILY6fORqA48YJ_eJj3P7T_Sn5xnq8GFbyHKykxeE4k1ZhL8Yv4zTLijCMCAsy0GhBH6LIWd9Rmdk5a9Tos7hgDHJEwmEh912MGiVv9X_xtAm5rH9HiUmhsJsz2dSxmjegYguZCyrp-eFkGh5RMZhlEVqkiOgxlpzw3ayOnBubU.Re2fdvZZEgKbM9mV-rNcU3XOy9lSF1-MNAfxT574PYM&dib_tag=se&keywords=laptops&qid=1761746816&sr=8-7,https://www.amazon.in/HP-Chromebook-Graphics-Keyboard-14a-na0226nr/dp/B09SVSBVP1/ref=sr_1_7?dib=eyJ2IjoiMSJ9.hfGYTxOIYvX0Gh4FD7CFF4F-2JuyVuEqv_AQATpyQT766Xi42cU719ugNYEPFmHOwILY6fORqA48YJ_eJj3P7T_Sn5xnq8GFbyHKykxeE4k1ZhL8Yv4zTLijCMCAsy0GhBH6LIWd9Rmdk5a9Tos7hgDHJEwmEh912MGiVv9X_xtAm5rH9HiUmhsJsz2dSxmjegYguZCyrp-eFkGh5RMZhlEVqkiOgxlpzw3ayOnBubU.Re2fdvZZEgKbM9mV-rNcU3XOy9lSF1-MNAfxT574PYM&dib_tag=se&keywords=laptops&qid=1761746816&sr=8-7#customerReviews,2025-10-29 19:36:34
"HP Stream 14"" HD BrightView Laptop, Intel Celeron N4120, 16GB RAM, 416GB Storage (128GB eMMC + 288GB Docking Station Set), Intel UHD Graphics, 720p Camera, Wi-Fi, 1 Year Office 365, Win 11 S, Gold",B0DC6KMWJS,HP,,,(2 used & new offers),Unknown,4.5,,,https://www.amazon.in/HP-Stream-BrightView-N4120-Graphics/dp/B0DC6KMWJS/ref=sr_1_8?dib=eyJ2IjoiMSJ9.hfGYTxOIYvX0Gh4FD7CFF4F-2JuyVuEqv_AQATpyQT766Xi42cU719ugNYEPFmHOwILY6fORqA48YJ_eJj3P7T_Sn5xnq8GFbyHKykxeE4k1ZhL8Yv4zTLijCMCAsy0GhBH6LIWd9Rmdk5a9Tos7hgDHJEwmEh912MGiVv9X_xtAm5rH9HiUmhsJsz2dSxmjegYguZCyrp-eFkGh5RMZhlEVqkiOgxlpzw3ayOnBubU.Re2fdvZZEgKbM9mV-rNcU3XOy9lSF1-MNAfxT574PYM&dib_tag=se&keywords=laptops&qid=1761746816&sr=8-8,https://www.amazon.in/HP-Stream-BrightView-N4120-Graphics/dp/B0DC6KMWJS/ref=sr_1_8?dib=eyJ2IjoiMSJ9.hfGYTxOIYvX0Gh4FD7CFF4F-2JuyVuEqv_AQATpyQT766Xi42cU719ugNYEPFmHOwILY6fORqA48YJ_eJj3P7T_Sn5xnq8GFbyHKykxeE4k1ZhL8Yv4zTLijCMCAsy0GhBH6LIWd9Rmdk5a9Tos7hgDHJEwmEh912MGiVv9X_xtAm5rH9HiUmhsJsz2dSxmjegYguZCyrp-eFkGh5RMZhlEVqkiOgxlpzw3ayOnBubU.Re2fdvZZEgKbM9mV-rNcU3XOy9lSF1-MNAfxT574PYM&dib_tag=se&keywords=laptops&qid=1761746816&sr=8-8#customerReviews,2025-10-29 19:36:34
"HP Everyday Laptop | Office 365 | Intel Quad-Core Processor | 11.5 HRs Battery | 1TB Cloud Storage with 128GB SSD, 8GB RAM | Copilot AI Windows 11 w/o Mouse",B0FDFRJNH9,HP,,,(1 new offer),Unknown,3.8,,,https://www.amazon.in/HP-Everyday-Quad-Core-Processor-Battery/dp/B0FDFRJNH9/ref=sr_1_9?dib=eyJ2IjoiMSJ9.hfGYTxOIYvX0Gh4FD7CFF4F-2JuyVuEqv_AQATpyQT766Xi42cU719ugNYEPFmHOwILY6fORqA48YJ_eJj3P7T_Sn5xnq8GFbyHKykxeE4k1ZhL8Yv4zTLijCMCAsy0GhBH6LIWd9Rmdk5a9Tos7hgDHJEwmEh912MGiVv9X_xtAm5rH9HiUmhsJsz2dSxmjegYguZCyrp-eFkGh5RMZhlEVqkiOgxlpzw3ayOnBubU.Re2fdvZZEgKbM9mV-rNcU3XOy9lSF1-MNAfxT574PYM&dib_tag=se&keywords=laptops&qid=1761746816&sr=8-9,https://www.amazon.in/HP-Everyday-Quad-Core-Processor-Battery/dp/B0FDFRJNH9/ref=sr_1_9?dib=eyJ2IjoiMSJ9.hfGYTxOIYvX0Gh4FD7CFF4F-2JuyVuEqv_AQATpyQT766Xi42cU719ugNYEPFmHOwILY6fORqA48YJ_eJj3P7T_Sn5xnq8GFbyHKykxeE4k1ZhL8Yv4zTLijCMCAsy0GhBH6LIWd9Rmdk5a9Tos7hgDHJEwmEh912MGiVv9X_xtAm5rH9HiUmhsJsz2dSxmjegYguZCyrp-eFkGh5RMZhlEVqkiOgxlpzw3ayOnBubU.Re2fdvZZEgKbM9mV-rNcU3XOy9lSF1-MNAfxT574PYM&dib_tag=se&keywords=laptops&qid=1761746816&sr=8-9#customerReviews,2025-10-29 19:36:34
"Acer Aspire 3 A315-24P-R7VH Slim Laptop | 15.6"" Full HD | AMD Ryzen 3 7320U Quad-Core | AMD Radeon Graphics | 8GB LPDDR5 | 128GB NVMe SSD | Wi-Fi 6 | Windows 11 Home",B0BS4BP8FB,Acer,312.,$349.99$349.99,(3 used & new offers),Unknown,4.3,,,https://www.amazon.in/Aspire-A315-24P-R7VH-Quad-Core-Graphics-Windows/dp/B0BS4BP8FB/ref=sr_1_10?dib=eyJ2IjoiMSJ9.hfGYTxOIYvX0Gh4FD7CFF4F-2JuyVuEqv_AQATpyQT766Xi42cU719ugNYEPFmHOwILY6fORqA48YJ_eJj3P7T_Sn5xnq8GFbyHKykxeE4k1ZhL8Yv4zTLijCMCAsy0GhBH6LIWd9Rmdk5a9Tos7hgDHJEwmEh912MGiVv9X_xtAm5rH9HiUmhsJsz2dSxmjegYguZCyrp-eFkGh5RMZhlEVqkiOgxlpzw3ayOnBubU.Re2fdvZZEgKbM9mV-rNcU3XOy9lSF1-MNAfxT574PYM&dib_tag=se&keywords=laptops&qid=1761746816&sr=8-10,https://www.amazon.in/Aspire-A315-24P-R7VH-Quad-Core-Graphics-Windows/dp/B0BS4BP8FB/ref=sr_1_10?dib=eyJ2IjoiMSJ9.hfGYTxOIYvX0Gh4FD7CFF4F-2JuyVuEqv_AQATpyQT766Xi42cU719ugNYEPFmHOwILY6fORqA48YJ_eJj3P7T_Sn5xnq8GFbyHKykxeE4k1ZhL8Yv4zTLijCMCAsy0GhBH6LIWd9Rmdk5a9Tos7hgDHJEwmEh912MGiVv9X_xtAm5rH9HiUmhsJsz2dSxmjegYguZCyrp-eFkGh5RMZhlEVqkiOgxlpzw3ayOnBubU.Re2fdvZZEgKbM9mV-rNcU3XOy9lSF1-MNAfxT574PYM&dib_tag=se&keywords=laptops&qid=1761746816&sr=8-10#customerReviews,2025-10-29 19:36:34
"Lenovo IdeaPad 1i Laptop, 15.6"" FHD Touchscreen, Intel Core i5-1235U Processor, 16GB RAM, 512GB SSD, Webcam, HDMI, Wi-Fi 6, Windows 11 Home, Blue",B0DT1MJP2V,Lenovo,,,(38 used & new offers),Unknown,4.5,,,https://www.amazon.in/Lenovo-IdeaPad-1i-Touchscreen-Processor/dp/B0DT1MJP2V/ref=sr_1_11?dib=eyJ2IjoiMSJ9.hfGYTxOIYvX0Gh4FD7CFF4F-2JuyVuEqv_AQATpyQT766Xi42cU719ugNYEPFmHOwILY6fORqA48YJ_eJj3P7T_Sn5xnq8GFbyHKykxeE4k1ZhL8Yv4zTLijCMCAsy0GhBH6LIWd9Rmdk5a9Tos7hgDHJEwmEh912MGiVv9X_xtAm5rH9HiUmhsJsz2dSxmjegYguZCyrp-eFkGh5RMZhlEVqkiOgxlpzw3ayOnBubU.Re2fdvZZEgKbM9mV-rNcU3XOy9lSF1-MNAfxT574PYM&dib_tag=se&keywords=laptops&qid=1761746816&sr=8-11,https://www.amazon.in/Lenovo-IdeaPad-1i-Touchscreen-Processor/dp/B0DT1MJP2V/ref=sr_1_11?dib=eyJ2IjoiMSJ9.hfGYTxOIYvX0Gh4FD7CFF4F-2JuyVuEqv_AQATpyQT766Xi42cU719ugNYEPFmHOwILY6fORqA48YJ_eJj3P7T_Sn5xnq8GFbyHKykxeE4k1ZhL8Yv4zTLijCMCAsy0GhBH6LIWd9Rmdk5a9Tos7hgDHJEwmEh912MGiVv9X_xtAm5rH9HiUmhsJsz2dSxmjegYguZCyrp-eFkGh5RMZhlEVqkiOgxlpzw3ayOnBubU.Re2fdvZZEgKbM9mV-rNcU3XOy9lSF1-MNAfxT574PYM&dib_tag=se&keywords=laptops&qid=1761746816&sr=8-11#customerReviews,2025-10-29 19:36:34
"LG gram Pro 17-inch Lightweight Laptop Computer, Intel Evo Edition Powered by Intel Core Ultra9 285H Processor, NVIDIA RTX5050, Windows 11 Home, 32GB RAM, 2TB SSD, Black",B0FC34H632,LG,3247.,,(3 used & new offers),Unknown,5.0,,,https://www.amazon.in/LG-17-inch-Lightweight-Computer-Processor/dp/B0FC34H632/ref=sr_1_12?dib=eyJ2IjoiMSJ9.hfGYTxOIYvX0Gh4FD7CFF4F-2JuyVuEqv_AQATpyQT766Xi42cU719ugNYEPFmHOwILY6fORqA48YJ_eJj3P7T_Sn5xnq8GFbyHKykxeE4k1ZhL8Yv4zTLijCMCAsy0GhBH6LIWd9Rmdk5a9Tos7hgDHJEwmEh912MGiVv9X_xtAm5rH9HiUmhsJsz2dSxmjegYguZCyrp-eFkGh5RMZhlEVqkiOgxlpzw3ayOnBubU.Re2fdvZZEgKbM9mV-rNcU3XOy9lSF1-MNAfxT574PYM&dib_tag=se&keywords=laptops&qid=1761746816&sr=8-12,https://www.amazon.in/LG-17-inch-Lightweight-Computer-Processor/dp/B0FC34H632/ref=sr_1_12?dib=eyJ2IjoiMSJ9.hfGYTxOIYvX0Gh4FD7CFF4F-2JuyVuEqv_AQATpyQT766Xi42cU719ugNYEPFmHOwILY6fORqA48YJ_eJj3P7T_Sn5xnq8GFbyHKykxeE4k1ZhL8Yv4zTLijCMCAsy0GhBH6LIWd9Rmdk5a9Tos7hgDHJEwmEh912MGiVv9X_xtAm5rH9HiUmhsJsz2dSxmjegYguZCyrp-eFkGh5RMZhlEVqkiOgxlpzw3ayOnBubU.Re2fdvZZEgKbM9mV-rNcU3XOy9lSF1-MNAfxT574PYM&dib_tag=se&keywords=laptops&qid=1761746816&sr=8-12#customerReviews,2025-10-29 19:36:34
"jumper 17.6 Inch Laptop, 4-Core N95 Processor, 16GB DDR5 RAM 640GB SSD, Windows 11 Laptops Computer with 100% sRGB IPS FHD Display, Office 365, Backlit Keyboard, WiFi 6, BT5.2, Type-C, Black",B0FQ577G2P,jumper,,,(2 new offers),Unknown,4.7,,,https://www.amazon.in/jumper-Processor-Windows-Computer-Keyboard/dp/B0FQ577G2P/ref=sr_1_13?dib=eyJ2IjoiMSJ9.hfGYTxOIYvX0Gh4FD7CFF4F-2JuyVuEqv_AQATpyQT766Xi42cU719ugNYEPFmHOwILY6fORqA48YJ_eJj3P7T_Sn5xnq8GFbyHKykxeE4k1ZhL8Yv4zTLijCMCAsy0GhBH6LIWd9Rmdk5a9Tos7hgDHJEwmEh912MGiVv9X_xtAm5rH9HiUmhsJsz2dSxmjegYguZCyrp-eFkGh5RMZhlEVqkiOgxlpzw3ayOnBubU.Re2fdvZZEgKbM9mV-rNcU3XOy9lSF1-MNAfxT574PYM&dib_tag=se&keywords=laptops&qid=1761746816&sr=8-13,https://www.amazon.in/jumper-Processor-Windows-Computer-Keyboard/dp/B0FQ577G2P/ref=sr_1_13?dib=eyJ2IjoiMSJ9.hfGYTxOIYvX0Gh4FD7CFF4F-2JuyVuEqv_AQATpyQT766Xi42cU719ugNYEPFmHOwILY6fORqA48YJ_eJj3P7T_Sn5xnq8GFbyHKykxeE4k1ZhL8Yv4zTLijCMCAsy0GhBH6LIWd9Rmdk5a9Tos7hgDHJEwmEh912MGiVv9X_xtAm5rH9HiUmhsJsz2dSxmjegYguZCyrp-eFkGh5RMZhlEVqkiOgxlpzw3ayOnBubU.Re2fdvZZEgKbM9mV-rNcU3XOy9lSF1-MNAfxT574PYM&dib_tag=se&keywords=laptops&qid=1761746816&sr=8-13#customerReviews,2025-10-29 19:36:34
"ASUS Vivobook Laptop, 14"" FHD Display, i3-1215U, 16GB RAM, 512GB SSD, Wi-Fi 6, HDMI, Webcam, Touchpad, Windows 11 Home, Blue",B0CLHCWNV8,ASUS,,,(7 used & new offers),Unknown,4.3,,,https://www.amazon.in/ASUS-Vivobook-Display-i3-1215U-Processor/dp/B0CLHCWNV8/ref=sr_1_14?dib=eyJ2IjoiMSJ9.hfGYTxOIYvX0Gh4FD7CFF4F-2JuyVuEqv_AQATpyQT766Xi42cU719ugNYEPFmHOwILY6fORqA48YJ_eJj3P7T_Sn5xnq8GFbyHKykxeE4k1ZhL8Yv4zTLijCMCAsy0GhBH6LIWd9Rmdk5a9Tos7hgDHJEwmEh912MGiVv9X_xtAm5rH9HiUmhsJsz2dSxmjegYguZCyrp-eFkGh5RMZhlEVqkiOgxlpzw3ayOnBubU.Re2fdvZZEgKbM9mV-rNcU3XOy9lSF1-MNAfxT574PYM&dib_tag=se&keywords=laptops&qid=1761746816&sr=8-14,https://www.amazon.in/ASUS-Vivobook-Display-i3-1215U-Processor/dp/B0CLHCWNV8/ref=sr_1_14?dib=eyJ2IjoiMSJ9.hfGYTxOIYvX0Gh4FD7CFF4F-2JuyVuEqv_AQATpyQT766Xi42cU719ugNYEPFmHOwILY6fORqA48YJ_eJj3P7T_Sn5xnq8GFbyHKykxeE4k1ZhL8Yv4zTLijCMCAsy0GhBH6LIWd9Rmdk5a9Tos7hgDHJEwmEh912MGiVv9X_xtAm5rH9HiUmhsJsz2dSxmjegYguZCyrp-eFkGh5RMZhlEVqkiOgxlpzw3ayOnBubU.Re2fdvZZEgKbM9mV-rNcU3XOy9lSF1-MNAfxT574PYM&dib_tag=se&keywords=laptops&qid=1761746816&sr=8-14#customerReviews,2025-10-29 19:36:34
"MSI Katana 15 HX 15.6” 165Hz QHD+ Gaming Laptop: Intel Core i9-14900HX, NVIDIA Geforce RTX 5070, 32GB DDR5, 1TB NVMe SSD, RGB Keyboard, Win 11 Home: Black B14WGK-016US",B0DZFVBQLK,MSI,1670.,,(2 used & new offers),Unknown,4.6,,,https://www.amazon.in/Katana-15-6-165Hz-Gaming-Laptop/dp/B0DZFVBQLK/ref=sr_1_15?dib=eyJ2IjoiMSJ9.hfGYTxOIYvX0Gh4FD7CFF4F-2JuyVuEqv_AQATpyQT766Xi42cU719ugNYEPFmHOwILY6fORqA48YJ_eJj3P7T_Sn5xnq8GFbyHKykxeE4k1ZhL8Yv4zTLijCMCAsy0GhBH6LIWd9Rmdk5a9Tos7hgDHJEwmEh912MGiVv9X_xtAm5rH9HiUmhsJsz2dSxmjegYguZCyrp-eFkGh5RMZhlEVqkiOgxlpzw3ayOnBubU.Re2fdvZZEgKbM9mV-rNcU3XOy9lSF1-MNAfxT574PYM&dib_tag=se&keywords=laptops&qid=1761746816&sr=8-15,https://www.amazon.in/Katana-15-6-165Hz-Gaming-Laptop/dp/B0DZFVBQLK/ref=sr_1_15?dib=eyJ2IjoiMSJ9.hfGYTxOIYvX0Gh4FD7CFF4F-2JuyVuEqv_AQATpyQT766Xi42cU719ugNYEPFmHOwILY6fORqA48YJ_eJj3P7T_Sn5xnq8GFbyHKykxeE4k1ZhL8Yv4zTLijCMCAsy0GhBH6LIWd9Rmdk5a9Tos7hgDHJEwmEh912MGiVv9X_xtAm5rH9HiUmhsJsz2dSxmjegYguZCyrp-eFkGh5RMZhlEVqkiOgxlpzw3ayOnBubU.Re2fdvZZEgKbM9mV-rNcU3XOy9lSF1-MNAfxT574PYM&dib_tag=se&keywords=laptops&qid=1761746816&sr=8-15#customerReviews,2025-10-29 19:36:34
"HP 14 inch Laptop, HD Display, Intel Core i3-N305, 8 GB RAM, 256 GB SSD, Intel UHD Graphics, Windows 11 Home in S Mode, Natural Silver, 14-ep0299nr",B0F1KC557J,HP,,,(9 used & new offers),Unknown,4.6,,,https://www.amazon.in/HP-Display-i3-N305-Graphics-14-ep0299nr/dp/B0F1KC557J/ref=sr_1_16?dib=eyJ2IjoiMSJ9.hfGYTxOIYvX0Gh4FD7CFF4F-2JuyVuEqv_AQATpyQT766Xi42cU719ugNYEPFmHOwILY6fORqA48YJ_eJj3P7T_Sn5xnq8GFbyHKykxeE4k1ZhL8Yv4zTLijCMCAsy0GhBH6LIWd9Rmdk5a9Tos7hgDHJEwmEh912MGiVv9X_xtAm5rH9HiUmhsJsz2dSxmjegYguZCyrp-eFkGh5RMZhlEVqkiOgxlpzw3ayOnBubU.Re2fdvZZEgKbM9mV-rNcU3XOy9lSF1-MNAfxT574PYM&dib_tag=se&keywords=laptops&qid=1761746816&sr=8-16,https://www.amazon.in/HP-Display-i3-N305-Graphics-14-ep0299nr/dp/B0F1KC557J/ref=sr_1_16?dib=eyJ2IjoiMSJ9.hfGYTxOIYvX0Gh4FD7CFF4F-2JuyVuEqv_AQATpyQT766Xi42cU719ugNYEPFmHOwILY6fORqA48YJ_eJj3P7T_Sn5xnq8GFbyHKykxeE4k1ZhL8Yv4zTLijCMCAsy0GhBH6LIWd9Rmdk5a9Tos7hgDHJEwmEh912MGiVv9X_xtAm5rH9HiUmhsJsz2dSxmjegYguZCyrp-eFkGh5RMZhlEVqkiOgxlpzw3ayOnBubU.Re2fdvZZEgKbM9mV-rNcU3XOy9lSF1-MNAfxT574PYM&dib_tag=se&keywords=laptops&qid=1761746816&sr=8-16#customerReviews,2025-10-29 19:36:34
"Lenovo V15 Gen 4 Business Laptop, 15.6"" FHD Display, Intel Core i5-13420H (Beat i7-1355U), HDMI, RJ45, Webcam, Numeric Keypad, Wi-Fi, Windows 11 Pro, Black (16GB RAM | 512GB SSD)",B0D1YQJKY2,Lenovo,,,(3 used & new offers),Unknown,4.4,,,https://www.amazon.in/Lenovo-V15-Business-i5-13420H-i7-1355U/dp/B0D1YQJKY2/ref=sr_1_17?dib=eyJ2IjoiMSJ9.deFSGPIr0ukUTYc75HEDauOpQFXepxixQohrIOSBblV1QG8GZ-AlL94Ap3UHzZOOIelInKgrqm7iDTucpHmdu8gEwQBgP1iG2-RFNrlhojgAdD0i4eM4GxTvpqm_Q4Wycehm2_cfp9Yg0-TKyVjfiI6rsUR-EIcxDH8lEhq3xp5YkxwaLqQsMVA0BuMspzc2ca8Xk0W25DHRCVx3sQGBU7ze1z98CiAxYySHsYFvBJE.VWjPKHOy_A2fYT4t_aFLfGR26XlZ4GH9yaybU69g02c&dib_tag=se&keywords=laptops&qid=1761746820&sr=8-17,https://www.amazon.in/Lenovo-V15-Business-i5-13420H-i7-1355U/dp/B0D1YQJKY2/ref=sr_1_17?dib=eyJ2IjoiMSJ9.deFSGPIr0ukUTYc75HEDauOpQFXepxixQohrIOSBblV1QG8GZ-AlL94Ap3UHzZOOIelInKgrqm7iDTucpHmdu8gEwQBgP1iG2-RFNrlhojgAdD0i4eM4GxTvpqm_Q4Wycehm2_cfp9Yg0-TKyVjfiI6rsUR-EIcxDH8lEhq3xp5YkxwaLqQsMVA0BuMspzc2ca8Xk0W25DHRCVx3sQGBU7ze1z98CiAxYySHsYFvBJE.VWjPKHOy_A2fYT4t_aFLfGR26XlZ4GH9yaybU69g02c&dib_tag=se&keywords=laptops&qid=1761746820&sr=8-17#customerReviews,2025-10-29 19:36:37
"Acer Nitro V Gaming Laptop | Intel Core i7-13620H Processor | NVIDIA GeForce RTX 4050 Laptop GPU | 15.6"" FHD IPS 165Hz Display | 16GB DDR5 | 1TB Gen 4 SSD | Wi-Fi 6 | Backlit KB | ANV15-52-76NK",B0F6PLQ93N,Acer,949.,,,Unknown,4.4,,,https://www.amazon.in/i7-13620H-Processor-GeForce-Display-ANV15-52-76NK/dp/B0F6PLQ93N/ref=sr_1_18?dib=eyJ2IjoiMSJ9.deFSGPIr0ukUTYc75HEDauOpQFXepxixQohrIOSBblV1QG8GZ-AlL94Ap3UHzZOOIelInKgrqm7iDTucpHmdu8gEwQBgP1iG2-RFNrlhojgAdD0i4eM4GxTvpqm_Q4Wycehm2_cfp9Yg0-TKyVjfiI6rsUR-EIcxDH8lEhq3xp5YkxwaLqQsMVA0BuMspzc2ca8Xk0W25DHRCVx3sQGBU7ze1z98CiAxYySHsYFvBJE.VWjPKHOy_A2fYT4t_aFLfGR26XlZ4GH9yaybU69g02c&dib_tag=se&keywords=laptops&qid=1761746820&sr=8-18,https://www.amazon.in/i7-13620H-Processor-GeForce-Display-ANV15-52-76NK/dp/B0F6PLQ93N/ref=sr_1_18?dib=eyJ2IjoiMSJ9.deFSGPIr0ukUTYc75HEDauOpQFXepxixQohrIOSBblV1QG8GZ-AlL94Ap3UHzZOOIelInKgrqm7iDTucpHmdu8gEwQBgP1iG2-RFNrlhojgAdD0i4eM4GxTvpqm_Q4Wycehm2_cfp9Yg0-TKyVjfiI6rsUR-EIcxDH8lEhq3xp5YkxwaLqQsMVA0BuMspzc2ca8Xk0W25DHRCVx3sQGBU7ze1z98CiAxYySHsYFvBJE.VWjPKHOy_A2fYT4t_aFLfGR26XlZ4GH9yaybU69g02c&dib_tag=se&keywords=laptops&qid=1761746820&sr=8-18#customerReviews,2025-10-29 19:36:37
"HP Pavilion 15.6"" HD Touchscreen Anti-Glare Laptop, 16GB RAM, 1TB SSD Storage, Intel Core Processor up to 4.1GHz, Up to 11 Hours Long Battery Life, Type-C, HDMI, Windows 11 Home, Silver",B0C4G4L53W,HP,,,(66 used & new offers),Unknown,4.2,,,https://www.amazon.in/HP-Pavilion-Touchscreen-Anti-Glare-Processor/dp/B0C4G4L53W/ref=sr_1_19?dib=eyJ2IjoiMSJ9.deFSGPIr0ukUTYc75HEDauOpQFXepxixQohrIOSBblV1QG8GZ-AlL94Ap3UHzZOOIelInKgrqm7iDTucpHmdu8gEwQBgP1iG2-RFNrlhojgAdD0i4eM4GxTvpqm_Q4Wycehm2_cfp9Yg0-TKyVjfiI6rsUR-EIcxDH8lEhq3xp5YkxwaLqQsMVA0BuMspzc2ca8Xk0W25DHRCVx3sQGBU7ze1z98CiAxYySHsYFvBJE.VWjPKHOy_A2fYT4t_aFLfGR26XlZ4GH9yaybU69g02c&dib_tag=se&keywords=laptops&qid=1761746820&sr=8-19,https://www.amazon.in/HP-Pavilion-Touchscreen-Anti-Glare-Processor/dp/B0C4G4L53W/ref=sr_1_19?dib=eyJ2IjoiMSJ9.deFSGPIr0ukUTYc75HEDauOpQFXepxixQohrIOSBblV1QG8GZ-AlL94Ap3UHzZOOIelInKgrqm7iDTucpHmdu8gEwQBgP1iG2-RFNrlhojgAdD0i4eM4GxTvpqm_Q4Wycehm2_cfp9Yg0-TKyVjfiI6rsUR-EIcxDH8lEhq3xp5YkxwaLqQsMVA0BuMspzc2ca8Xk0W25DHRCVx3sQGBU7ze1z98CiAxYySHsYFvBJE.VWjPKHOy_A2fYT4t_aFLfGR26XlZ4GH9yaybU69g02c&dib_tag=se&keywords=laptops&qid=1761746820&sr=8-19#customerReviews,2025-10-29 19:36:37
"Lenovo Laptop | V15 | Intel Quad-Core Processor | 16GB DDR4 RAM | 512GB PCIe SSD | 15.6"" FHD 1080p Display | Windows Pro | Business, Office, Student Portable Computer",B0FSLQW3P7,Lenovo,,,(2 used & new offers),Unknown,5.0,,,https://www.amazon.in/Lenovo-V15-Quad-Core-Processor-Business/dp/B0FSLQW3P7/ref=sr_1_20?dib=eyJ2IjoiMSJ9.deFSGPIr0ukUTYc75HEDauOpQFXepxixQohrIOSBblV1QG8GZ-AlL94Ap3UHzZOOIelInKgrqm7iDTucpHmdu8gEwQBgP1iG2-RFNrlhojgAdD0i4eM4GxTvpqm_Q4Wycehm2_cfp9Yg0-TKyVjfiI6rsUR-EIcxDH8lEhq3xp5YkxwaLqQsMVA0BuMspzc2ca8Xk0W25DHRCVx3sQGBU7ze1z98CiAxYySHsYFvBJE.VWjPKHOy_A2fYT4t_aFLfGR26XlZ4GH9yaybU69g02c&dib_tag=se&keywords=laptops&qid=1761746820&sr=8-20,https://www.amazon.in/Lenovo-V15-Quad-Core-Processor-Business/dp/B0FSLQW3P7/ref=sr_1_20?dib=eyJ2IjoiMSJ9.deFSGPIr0ukUTYc75HEDauOpQFXepxixQohrIOSBblV1QG8GZ-AlL94Ap3UHzZOOIelInKgrqm7iDTucpHmdu8gEwQBgP1iG2-RFNrlhojgAdD0i4eM4GxTvpqm_Q4Wycehm2_cfp9Yg0-TKyVjfiI6rsUR-EIcxDH8lEhq3xp5YkxwaLqQsMVA0BuMspzc2ca8Xk0W25DHRCVx3sQGBU7ze1z98CiAxYySHsYFvBJE.VWjPKHOy_A2fYT4t_aFLfGR26XlZ4GH9yaybU69g02c&dib_tag=se&keywords=laptops&qid=1761746820&sr=8-20#customerReviews,2025-10-29 19:36:37
"Lenovo V15 Laptop, 15.6"" FHD Display, AMD Ryzen 5 5500U Hexa-core Processor (Beat Intel i7-1065G7), 16GB RAM, 512GB SSD, HDMI, RJ45, Numeric Keypad, Wi-Fi, Windows 11 Pro, Black",B0CK9JSM3G,Lenovo,,,(3 used & new offers),Unknown,4.4,,,https://www.amazon.in/Lenovo-V15-Hexa-core-Processor-i7-1065G7/dp/B0CK9JSM3G/ref=sr_1_21?dib=eyJ2IjoiMSJ9.deFSGPIr0ukUTYc75HEDauOpQFXepxixQohrIOSBblV1QG8GZ-AlL94Ap3UHzZOOIelInKgrqm7iDTucpHmdu8gEwQBgP1iG2-RFNrlhojgAdD0i4eM4GxTvpqm_Q4Wycehm2_cfp9Yg0-TKyVjfiI6rsUR-EIcxDH8lEhq3xp5YkxwaLqQsMVA0BuMspzc2ca8Xk0W25DHRCVx3sQGBU7ze1z98CiAxYySHsYFvBJE.VWjPKHOy_A2fYT4t_aFLfGR26XlZ4GH9yaybU69g02c&dib_tag=se&keywords=laptops&qid=1761746820&sr=8-21,https://www.amazon.in/Lenovo-V15-Hexa-core-Processor-i7-1065G7/dp/B0CK9JSM3G/ref=sr_1_21?dib=eyJ2IjoiMSJ9.deFSGPIr0ukUTYc75HEDauOpQFXepxixQohrIOSBblV1QG8GZ-AlL94Ap3UHzZOOIelInKgrqm7iDTucpHmdu8gEwQBgP1iG2-RFNrlhojgAdD0i4eM4GxTvpqm_Q4Wycehm2_cfp9Yg0-TKyVjfiI6rsUR-EIcxDH8lEhq3xp5YkxwaLqQsMVA0BuMspzc2ca8Xk0W25DHRCVx3sQGBU7ze1z98CiAxYySHsYFvBJE.VWjPKHOy_A2fYT4t_aFLfGR26XlZ4GH9yaybU69g02c&dib_tag=se&keywords=laptops&qid=1761746820&sr=8-21#customerReviews,2025-10-29 19:36:37
"HP 17 Business Laptop 2025/2026 Edition, 17.3"" FHD IPS Display, AMD 7000 Series Ryzen Processor (Beats Intel i7-1355U), Copilot Key, 32GB RAM, 1TB SSD, HDMI, Wi-Fi 6, Windows 11 Pro, WOWPC USB",B0FSGYJDTF,HP,,,(1 new offer),Unknown,4.9,,,https://www.amazon.in/HP-Business-Laptop-Processor-i7-1355U/dp/B0FSGYJDTF/ref=sr_1_22?dib=eyJ2IjoiMSJ9.deFSGPIr0ukUTYc75HEDauOpQFXepxixQohrIOSBblV1QG8GZ-AlL94Ap3UHzZOOIelInKgrqm7iDTucpHmdu8gEwQBgP1iG2-RFNrlhojgAdD0i4eM4GxTvpqm_Q4Wycehm2_cfp9Yg0-TKyVjfiI6rsUR-EIcxDH8lEhq3xp5YkxwaLqQsMVA0BuMspzc2ca8Xk0W25DHRCVx3sQGBU7ze1z98CiAxYySHsYFvBJE.VWjPKHOy_A2fYT4t_aFLfGR26XlZ4GH9yaybU69g02c&dib_tag=se&keywords=laptops&qid=1761746820&sr=8-22,https://www.amazon.in/HP-Business-Laptop-Processor-i7-1355U/dp/B0FSGYJDTF/ref=sr_1_22?dib=eyJ2IjoiMSJ9.deFSGPIr0ukUTYc75HEDauOpQFXepxixQohrIOSBblV1QG8GZ-AlL94Ap3UHzZOOIelInKgrqm7iDTucpHmdu8gEwQBgP1iG2-RFNrlhojgAdD0i4eM4GxTvpqm_Q4Wycehm2_cfp9Yg0-TKyVjfiI6rsUR-EIcxDH8lEhq3xp5YkxwaLqQsMVA0BuMspzc2ca8Xk0W25DHRCVx3sQGBU7ze1z98CiAxYySHsYFvBJE.VWjPKHOy_A2fYT4t_aFLfGR26XlZ4GH9yaybU69g02c&dib_tag=se&keywords=laptops&qid=1761746820&sr=8-22#customerReviews,2025-10-29 19:36:37
"Acer Aspire 15 Slim Laptop AG15-32P-39R2 | 15.6"" FHD (1920 x 1080) IPS Display | 8-Core Intel Core 3 N355 Processor | Intel Graphics | 8GB DDR5 RAM | 128GB HD | Wi-Fi 6 | Windows 11 Home",B0DT7FC9B7,Acer,299.,,(6 used & new offers),Unknown,4.4,,,https://www.amazon.in/Display-Processor-Graphics-Windows-AG15-32P-39R2/dp/B0DT7FC9B7/ref=sr_1_23?dib=eyJ2IjoiMSJ9.deFSGPIr0ukUTYc75HEDauOpQFXepxixQohrIOSBblV1QG8GZ-AlL94Ap3UHzZOOIelInKgrqm7iDTucpHmdu8gEwQBgP1iG2-RFNrlhojgAdD0i4eM4GxTvpqm_Q4Wycehm2_cfp9Yg0-TKyVjfiI6rsUR-EIcxDH8lEhq3xp5YkxwaLqQsMVA0BuMspzc2ca8Xk0W25DHRCVx3sQGBU7ze1z98CiAxYySHsYFvBJE.VWjPKHOy_A2fYT4t_aFLfGR26XlZ4GH9yaybU69g02c&dib_tag=se&keywords=laptops&qid=1761746820&sr=8-23,https://www.amazon.in/Display-Processor-Graphics-Windows-AG15-32P-39R2/dp/B0DT7FC9B7/ref=sr_1_23?dib=eyJ2IjoiMSJ9.deFSGPIr0ukUTYc75HEDauOpQFXepxixQohrIOSBblV1QG8GZ-AlL94Ap3UHzZOOIelInKgrqm7iDTucpHmdu8gEwQBgP1iG2-RFNrlhojgAdD0i4eM4GxTvpqm_Q4Wycehm2_cfp9Yg0-TKyVjfiI6rsUR-EIcxDH8lEhq3xp5YkxwaLqQsMVA0BuMspzc2ca8Xk0W25DHRCVx3sQGBU7ze1z98CiAxYySHsYFvBJE.VWjPKHOy_A2fYT4t_aFLfGR26XlZ4GH9yaybU69g02c&dib_tag=se&keywords=laptops&qid=1761746820&sr=8-23#customerReviews,2025-10-29 19:36:37
"Lenovo IdeaPad 1 Student Laptop, 15.6"" FHD Display, Intel Dual Core Processor, 12GB RAM, 512GB SSD + 128GB eMMC, 1 Year Office 365, Wi-Fi 6, Webcam, Bluetooth, SD Card Reader, Windows 11 Home, Grey",B0CF62H34N,Lenovo,,,(3 used & new offers),Unknown,4.2,,,https://www.amazon.in/Lenovo-IdeaPad-Student-Processor-Bluetooth/dp/B0CF62H34N/ref=sr_1_24?dib=eyJ2IjoiMSJ9.deFSGPIr0ukUTYc75HEDauOpQFXepxixQohrIOSBblV1QG8GZ-AlL94Ap3UHzZOOIelInKgrqm7iDTucpHmdu8gEwQBgP1iG2-RFNrlhojgAdD0i4eM4GxTvpqm_Q4Wycehm2_cfp9Yg0-TKyVjfiI6rsUR-EIcxDH8lEhq3xp5YkxwaLqQsMVA0BuMspzc2ca8Xk0W25DHRCVx3sQGBU7ze1z98CiAxYySHsYFvBJE.VWjPKHOy_A2fYT4t_aFLfGR26XlZ4GH9yaybU69g02c&dib_tag=se&keywords=laptops&qid=1761746820&sr=8-24,https://www.amazon.in/Lenovo-IdeaPad-Student-Processor-Bluetooth/dp/B0CF62H34N/ref=sr_1_24?dib=eyJ2IjoiMSJ9.deFSGPIr0ukUTYc75HEDauOpQFXepxixQohrIOSBblV1QG8GZ-AlL94Ap3UHzZOOIelInKgrqm7iDTucpHmdu8gEwQBgP1iG2-RFNrlhojgAdD0i4eM4GxTvpqm_Q4Wycehm2_cfp9Yg0-TKyVjfiI6rsUR-EIcxDH8lEhq3xp5YkxwaLqQsMVA0BuMspzc2ca8Xk0W25DHRCVx3sQGBU7ze1z98CiAxYySHsYFvBJE.VWjPKHOy_A2fYT4t_aFLfGR26XlZ4GH9yaybU69g02c&dib_tag=se&keywords=laptops&qid=1761746820&sr=8-24#customerReviews,2025-10-29 19:36:37
"Lenovo Legion 5i 16"" Gaming Laptop - Intel Core Ultra 9 275HX - GeForce RTX 5060 - WQXGA (2560x1600) - Windows 11 Home-W/HDMI Cable (32GB RAM | 2TB PCIe SSD)",B0FRF2LXVS,Lenovo,,,(2 used & new offers),Unknown,4.6,,,https://www.amazon.in/Lenovo-Legion-Gaming-Laptop-2560x1600/dp/B0FRF2LXVS/ref=sr_1_25?dib=eyJ2IjoiMSJ9.deFSGPIr0ukUTYc75HEDauOpQFXepxixQohrIOSBblV1QG8GZ-AlL94Ap3UHzZOOIelInKgrqm7iDTucpHmdu8gEwQBgP1iG2-RFNrlhojgAdD0i4eM4GxTvpqm_Q4Wycehm2_cfp9Yg0-TKyVjfiI6rsUR-EIcxDH8lEhq3xp5YkxwaLqQsMVA0BuMspzc2ca8Xk0W25DHRCVx3sQGBU7ze1z98CiAxYySHsYFvBJE.VWjPKHOy_A2fYT4t_aFLfGR26XlZ4GH9yaybU69g02c&dib_tag=se&keywords=laptops&qid=1761746820&sr=8-25,https://www.amazon.in/Lenovo-Legion-Gaming-Laptop-2560x1600/dp/B0FRF2LXVS/ref=sr_1_25?dib=eyJ2IjoiMSJ9.deFSGPIr0ukUTYc75HEDauOpQFXepxixQohrIOSBblV1QG8GZ-AlL94Ap3UHzZOOIelInKgrqm7iDTucpHmdu8gEwQBgP1iG2-RFNrlhojgAdD0i4eM4GxTvpqm_Q4Wycehm2_cfp9Yg0-TKyVjfiI6rsUR-EIcxDH8lEhq3xp5YkxwaLqQsMVA0BuMspzc2ca8Xk0W25DHRCVx3sQGBU7ze1z98CiAxYySHsYFvBJE.VWjPKHOy_A2fYT4t_aFLfGR26XlZ4GH9yaybU69g02c&dib_tag=se&keywords=laptops&qid=1761746820&sr=8-25#customerReviews,2025-10-29 19:36:37
"ASUS ROG Strix G16 (2025) Gaming Laptop, 16” FHD+ 16:10 165Hz/3ms, NVIDIA® GeForce RTX™ 5050, Intel® Core™ i5-13450HX, 16GB DDR5-5600, 1TB PCIe Gen 4 SSD, Wi-Fi 7, Windows 11 Home, G615JH-DS54",B0FFJ16XQ9,ASUS,1099.,$1299.99$1299.99,(9 new offers),Unknown,5.0,,,https://www.amazon.in/ASUS-ROG-Strix-Gaming-Laptop/dp/B0FFJ16XQ9/ref=sr_1_26?dib=eyJ2IjoiMSJ9.deFSGPIr0ukUTYc75HEDauOpQFXepxixQohrIOSBblV1QG8GZ-AlL94Ap3UHzZOOIelInKgrqm7iDTucpHmdu8gEwQBgP1iG2-RFNrlhojgAdD0i4eM4GxTvpqm_Q4Wycehm2_cfp9Yg0-TKyVjfiI6rsUR-EIcxDH8lEhq3xp5YkxwaLqQsMVA0BuMspzc2ca8Xk0W25DHRCVx3sQGBU7ze1z98CiAxYySHsYFvBJE.VWjPKHOy_A2fYT4t_aFLfGR26XlZ4GH9yaybU69g02c&dib_tag=se&keywords=laptops&qid=1761746820&sr=8-26,https://www.amazon.in/ASUS-ROG-Strix-Gaming-Laptop/dp/B0FFJ16XQ9/ref=sr_1_26?dib=eyJ2IjoiMSJ9.deFSGPIr0ukUTYc75HEDauOpQFXepxixQohrIOSBblV1QG8GZ-AlL94Ap3UHzZOOIelInKgrqm7iDTucpHmdu8gEwQBgP1iG2-RFNrlhojgAdD0i4eM4GxTvpqm_Q4Wycehm2_cfp9Yg0-TKyVjfiI6rsUR-EIcxDH8lEhq3xp5YkxwaLqQsMVA0BuMspzc2ca8Xk0W25DHRCVx3sQGBU7ze1z98CiAxYySHsYFvBJE.VWjPKHOy_A2fYT4t_aFLfGR26XlZ4GH9yaybU69g02c&dib_tag=se&keywords=laptops&qid=1761746820&sr=8-26#customerReviews,2025-10-29 19:36:37
"HP 17 Laptop, 17.3"" HD+ Touchscreen Display, 12th Gen Intel Core i7-1255U, 64GB RAM, 2TB SSD, Webcam, HDMI, SuperSpeed USB Ports, Wi-Fi 6, Windows 11 Home, Silver",B0CKTZVB17,HP,,,(3 used & new offers),Unknown,4.3,,,https://www.amazon.in/HP-Touchscreen-Display-i7-1255U-SuperSpeed/dp/B0CKTZVB17/ref=sr_1_27?dib=eyJ2IjoiMSJ9.deFSGPIr0ukUTYc75HEDauOpQFXepxixQohrIOSBblV1QG8GZ-AlL94Ap3UHzZOOIelInKgrqm7iDTucpHmdu8gEwQBgP1iG2-RFNrlhojgAdD0i4eM4GxTvpqm_Q4Wycehm2_cfp9Yg0-TKyVjfiI6rsUR-EIcxDH8lEhq3xp5YkxwaLqQsMVA0BuMspzc2ca8Xk0W25DHRCVx3sQGBU7ze1z98CiAxYySHsYFvBJE.VWjPKHOy_A2fYT4t_aFLfGR26XlZ4GH9yaybU69g02c&dib_tag=se&keywords=laptops&qid=1761746820&sr=8-27,https://www.amazon.in/HP-Touchscreen-Display-i7-1255U-SuperSpeed/dp/B0CKTZVB17/ref=sr_1_27?dib=eyJ2IjoiMSJ9.deFSGPIr0ukUTYc75HEDauOpQFXepxixQohrIOSBblV1QG8GZ-AlL94Ap3UHzZOOIelInKgrqm7iDTucpHmdu8gEwQBgP1iG2-RFNrlhojgAdD0i4eM4GxTvpqm_Q4Wycehm2_cfp9Yg0-TKyVjfiI6rsUR-EIcxDH8lEhq3xp5YkxwaLqQsMVA0BuMspzc2ca8Xk0W25DHRCVx3sQGBU7ze1z98CiAxYySHsYFvBJE.VWjPKHOy_A2fYT4t_aFLfGR26XlZ4GH9yaybU69g02c&dib_tag=se&keywords=laptops&qid=1761746820&sr=8-27#customerReviews,2025-10-29 19:36:37
"jumper 16 inch Laptop Computer, Convertible Laptop with Quad Core (Up to 3.4GHz), 16GB DDR5 RAM 640GB Storage, 360 Degree Touchscreen, Backlit Keyboard, Fingerprint Reader, BT5.2, WiFi6",B0FSKVXZJ9,jumper,,,(1 new offer),Unknown,5.0,,,https://www.amazon.in/jumper-Computer-Convertible-Touchscreen-Fingerprint/dp/B0FSKVXZJ9/ref=sr_1_28?dib=eyJ2IjoiMSJ9.deFSGPIr0ukUTYc75HEDauOpQFXepxixQohrIOSBblV1QG8GZ-AlL94Ap3UHzZOOIelInKgrqm7iDTucpHmdu8gEwQBgP1iG2-RFNrlhojgAdD0i4eM4GxTvpqm_Q4Wycehm2_cfp9Yg0-TKyVjfiI6rsUR-EIcxDH8lEhq3xp5YkxwaLqQsMVA0BuMspzc2ca8Xk0W25DHRCVx3sQGBU7ze1z98CiAxYySHsYFvBJE.VWjPKHOy_A2fYT4t_aFLfGR26XlZ4GH9yaybU69g02c&dib_tag=se&keywords=laptops&qid=1761746820&sr=8-28,https://www.amazon.in/jumper-Computer-Convertible-Touchscreen-Fingerprint/dp/B0FSKVXZJ9/ref=sr_1_28?dib=eyJ2IjoiMSJ9.deFSGPIr0ukUTYc75HEDauOpQFXepxixQohrIOSBblV1QG8GZ-AlL94Ap3UHzZOOIelInKgrqm7iDTucpHmdu8gEwQBgP1iG2-RFNrlhojgAdD0i4eM4GxTvpqm_Q4Wycehm2_cfp9Yg0-TKyVjfiI6rsUR-EIcxDH8lEhq3xp5YkxwaLqQsMVA0BuMspzc2ca8Xk0W25DHRCVx3sQGBU7ze1z98CiAxYySHsYFvBJE.VWjPKHOy_A2fYT4t_aFLfGR26XlZ4GH9yaybU69g02c&dib_tag=se&keywords=laptops&qid=1761746820&sr=8-28#customerReviews,2025-10-29 19:36:37
"ASUS Vivobook 18 Laptop, 18” WUXGA 144Hz Display, AMD Ryzen 7 260 with XDNA NPU, AMD Radeon Graphics, 32GB RAM, 1TB SSD, Quiet Blue, M1807HA-DB79",B0FFQG56LC,ASUS,,,(1 new offer),Unknown,,,,https://www.amazon.in/ASUS-Vivobook-Display-Graphics-M1807HA-DB79/dp/B0FFQG56LC/ref=sr_1_29?dib=eyJ2IjoiMSJ9.deFSGPIr0ukUTYc75HEDauOpQFXepxixQohrIOSBblV1QG8GZ-AlL94Ap3UHzZOOIelInKgrqm7iDTucpHmdu8gEwQBgP1iG2-RFNrlhojgAdD0i4eM4GxTvpqm_Q4Wycehm2_cfp9Yg0-TKyVjfiI6rsUR-EIcxDH8lEhq3xp5YkxwaLqQsMVA0BuMspzc2ca8Xk0W25DHRCVx3sQGBU7ze1z98CiAxYySHsYFvBJE.VWjPKHOy_A2fYT4t_aFLfGR26XlZ4GH9yaybU69g02c&dib_tag=se&keywords=laptops&qid=1761746820&sr=8-29,https://www.amazon.in/ASUS-Vivobook-Display-Graphics-M1807HA-DB79/dp/B0FFQG56LC/ref=sr_1_29?dib=eyJ2IjoiMSJ9.deFSGPIr0ukUTYc75HEDauOpQFXepxixQohrIOSBblV1QG8GZ-AlL94Ap3UHzZOOIelInKgrqm7iDTucpHmdu8gEwQBgP1iG2-RFNrlhojgAdD0i4eM4GxTvpqm_Q4Wycehm2_cfp9Yg0-TKyVjfiI6rsUR-EIcxDH8lEhq3xp5YkxwaLqQsMVA0BuMspzc2ca8Xk0W25DHRCVx3sQGBU7ze1z98CiAxYySHsYFvBJE.VWjPKHOy_A2fYT4t_aFLfGR26XlZ4GH9yaybU69g02c&dib_tag=se&keywords=laptops&qid=1761746820&sr=8-29#customerReviews,2025-10-29 19:36:37
"HP 14"" Ultral Light Laptop for Students and Business, Intel Quad-Core, 8GB RAM, 192GB Storage(64GB eMMC+128GB Ghost Manta SD Card), 1 Year Office 365, USB C, Win 11 S",B0B2D77YB8,HP,,,(3 used & new offers),Unknown,4.1,,,https://www.amazon.in/HP-Students-Business-Quad-Core-Storage/dp/B0B2D77YB8/ref=sr_1_30?dib=eyJ2IjoiMSJ9.deFSGPIr0ukUTYc75HEDauOpQFXepxixQohrIOSBblV1QG8GZ-AlL94Ap3UHzZOOIelInKgrqm7iDTucpHmdu8gEwQBgP1iG2-RFNrlhojgAdD0i4eM4GxTvpqm_Q4Wycehm2_cfp9Yg0-TKyVjfiI6rsUR-EIcxDH8lEhq3xp5YkxwaLqQsMVA0BuMspzc2ca8Xk0W25DHRCVx3sQGBU7ze1z98CiAxYySHsYFvBJE.VWjPKHOy_A2fYT4t_aFLfGR26XlZ4GH9yaybU69g02c&dib_tag=se&keywords=laptops&qid=1761746820&sr=8-30,https://www.amazon.in/HP-Students-Business-Quad-Core-Storage/dp/B0B2D77YB8/ref=sr_1_30?dib=eyJ2IjoiMSJ9.deFSGPIr0ukUTYc75HEDauOpQFXepxixQohrIOSBblV1QG8GZ-AlL94Ap3UHzZOOIelInKgrqm7iDTucpHmdu8gEwQBgP1iG2-RFNrlhojgAdD0i4eM4GxTvpqm_Q4Wycehm2_cfp9Yg0-TKyVjfiI6rsUR-EIcxDH8lEhq3xp5YkxwaLqQsMVA0BuMspzc2ca8Xk0W25DHRCVx3sQGBU7ze1z98CiAxYySHsYFvBJE.VWjPKHOy_A2fYT4t_aFLfGR26XlZ4GH9yaybU69g02c&dib_tag=se&keywords=laptops&qid=1761746820&sr=8-30#customerReviews,2025-10-29 19:36:37
"ASUS ROG Strix G18 (2025) Gaming Laptop, 18” ROG Nebula 16:10 2.5K 240Hz/3ms, NVIDIA® GeForce RTX™ 5070, Intel® Core™ Ultra 9 275HX, 32GB DDR5-5600, 2TB PCIe Gen 4 SSD, Wi-Fi 7, Windows 11 Pro",B0F1CB49YB,ASUS,,,(1 new offer),Unknown,4.2,,,https://www.amazon.in/ASUS-Strix-Gaming-Laptop-Nebula/dp/B0F1CB49YB/ref=sr_1_31?dib=eyJ2IjoiMSJ9.deFSGPIr0ukUTYc75HEDauOpQFXepxixQohrIOSBblV1QG8GZ-AlL94Ap3UHzZOOIelInKgrqm7iDTucpHmdu8gEwQBgP1iG2-RFNrlhojgAdD0i4eM4GxTvpqm_Q4Wycehm2_cfp9Yg0-TKyVjfiI6rsUR-EIcxDH8lEhq3xp5YkxwaLqQsMVA0BuMspzc2ca8Xk0W25DHRCVx3sQGBU7ze1z98CiAxYySHsYFvBJE.VWjPKHOy_A2fYT4t_aFLfGR26XlZ4GH9yaybU69g02c&dib_tag=se&keywords=laptops&qid=1761746820&sr=8-31,https://www.amazon.in/ASUS-Strix-Gaming-Laptop-Nebula/dp/B0F1CB49YB/ref=sr_1_31?dib=eyJ2IjoiMSJ9.deFSGPIr0ukUTYc75HEDauOpQFXepxixQohrIOSBblV1QG8GZ-AlL94Ap3UHzZOOIelInKgrqm7iDTucpHmdu8gEwQBgP1iG2-RFNrlhojgAdD0i4eM4GxTvpqm_Q4Wycehm2_cfp9Yg0-TKyVjfiI6rsUR-EIcxDH8lEhq3xp5YkxwaLqQsMVA0BuMspzc2ca8Xk0W25DHRCVx3sQGBU7ze1z98CiAxYySHsYFvBJE.VWjPKHOy_A2fYT4t_aFLfGR26XlZ4GH9yaybU69g02c&dib_tag=se&keywords=laptops&qid=1761746820&sr=8-31#customerReviews,2025-10-29 19:36:37
"Lenovo ThinkPad X1 Carbon Gen 13, Intel Ultra 7 268V vPro, 14"" 2.8K (2880 x 1800), OLED 400nits Non-Touch, 32GB LPDDR5 RAM,1TB SSD, Thunderbolt, and Window 11 Pro - Aura Edition - Eclipse Black",B0F4HRBPX2,Lenovo,,,(5 used & new offers),Unknown,3.6,,,https://www.amazon.in/Lenovo-ThinkPad-400nits-Non-Touch-Thunderbolt/dp/B0F4HRBPX2/ref=sr_1_32?dib=eyJ2IjoiMSJ9.deFSGPIr0ukUTYc75HEDauOpQFXepxixQohrIOSBblV1QG8GZ-AlL94Ap3UHzZOOIelInKgrqm7iDTucpHmdu8gEwQBgP1iG2-RFNrlhojgAdD0i4eM4GxTvpqm_Q4Wycehm2_cfp9Yg0-TKyVjfiI6rsUR-EIcxDH8lEhq3xp5YkxwaLqQsMVA0BuMspzc2ca8Xk0W25DHRCVx3sQGBU7ze1z98CiAxYySHsYFvBJE.VWjPKHOy_A2fYT4t_aFLfGR26XlZ4GH9yaybU69g02c&dib_tag=se&keywords=laptops&qid=1761746820&sr=8-32,https://www.amazon.in/Lenovo-ThinkPad-400nits-Non-Touch-Thunderbolt/dp/B0F4HRBPX2/ref=sr_1_32?dib=eyJ2IjoiMSJ9.deFSGPIr0ukUTYc75HEDauOpQFXepxixQohrIOSBblV1QG8GZ-AlL94Ap3UHzZOOIelInKgrqm7iDTucpHmdu8gEwQBgP1iG2-RFNrlhojgAdD0i4eM4GxTvpqm_Q4Wycehm2_cfp9Yg0-TKyVjfiI6rsUR-EIcxDH8lEhq3xp5YkxwaLqQsMVA0BuMspzc2ca8Xk0W25DHRCVx3sQGBU7ze1z98CiAxYySHsYFvBJE.VWjPKHOy_A2fYT4t_aFLfGR26XlZ4GH9yaybU69g02c&dib_tag=se&keywords=laptops&qid=1761746820&sr=8-32#customerReviews,2025-10-29 19:36:37
"Lenovo 15"" Laptop Computer for Home Business, Intel 10-Core i7-13620H (Beat Ultra 7 255U), WiFi 6, Bluetooth 5.2, FHD+ Copilot AI PC, Type-C, Luna Grey, Windows 11 Pro (24GB DDR5 RAM, 1TB PCIe SSD)",B0FMKD2JXC,Lenovo,,,(3 used & new offers),Unknown,4.5,,,https://www.amazon.in/Lenovo-Computer-Business-i7-13620H-Bluetooth/dp/B0FMKD2JXC/ref=sr_1_33?dib=eyJ2IjoiMSJ9.FEL0KAXxV5EEIXar-PM1b2KnneU-7KagINXHrhphzY91vry10e8dY5-Uz3CEsTYxADnI3zdKpQrMthnZbh9Fpyz2tU_wFf7GEpaLpTKFweJnYJQCP2ICpQqA5y2RQEoXmv91Us6nxL2Ej9x891vhd9pPgsUCnJs3HtOLZql030ucINSksZOwAF6S4krZn_JkjLH98HL7wrrHcgs-fCtD4RspKold4zc2kidYut8WJu0.Li-rK3nLi9vssBZ61yPuoCkGMSwjXsfv_cjPqaayCBA&dib_tag=se&keywords=laptops&qid=1761746822&sr=8-33,https://www.amazon.in/Lenovo-Computer-Business-i7-13620H-Bluetooth/dp/B0FMKD2JXC/ref=sr_1_33?dib=eyJ2IjoiMSJ9.FEL0KAXxV5EEIXar-PM1b2KnneU-7KagINXHrhphzY91vry10e8dY5-Uz3CEsTYxADnI3zdKpQrMthnZbh9Fpyz2tU_wFf7GEpaLpTKFweJnYJQCP2ICpQqA5y2RQEoXmv91Us6nxL2Ej9x891vhd9pPgsUCnJs3HtOLZql030ucINSksZOwAF6S4krZn_JkjLH98HL7wrrHcgs-fCtD4RspKold4zc2kidYut8WJu0.Li-rK3nLi9vssBZ61yPuoCkGMSwjXsfv_cjPqaayCBA&dib_tag=se&keywords=laptops&qid=1761746822&sr=8-33#customerReviews,2025-10-29 19:36:39
"HP Latest Business Professional Laptop, 17.3"" HD+ Touchscreen, Intel Core i5-1334U, 16GB RAM, 1TB SSD, Webcam, HDMI, FP Reader, Backlit KB, Wi-Fi 6, Windows 11 Pro, Silver",B0CBW4MWJ2,HP,,,(4 used & new offers),Unknown,4.4,,,https://www.amazon.in/HP-Business-Professional-Touchscreen-i5-1335U/dp/B0CBW4MWJ2/ref=sr_1_34?dib=eyJ2IjoiMSJ9.FEL0KAXxV5EEIXar-PM1b2KnneU-7KagINXHrhphzY91vry10e8dY5-Uz3CEsTYxADnI3zdKpQrMthnZbh9Fpyz2tU_wFf7GEpaLpTKFweJnYJQCP2ICpQqA5y2RQEoXmv91Us6nxL2Ej9x891vhd9pPgsUCnJs3HtOLZql030ucINSksZOwAF6S4krZn_JkjLH98HL7wrrHcgs-fCtD4RspKold4zc2kidYut8WJu0.Li-rK3nLi9vssBZ61yPuoCkGMSwjXsfv_cjPqaayCBA&dib_tag=se&keywords=laptops&qid=1761746822&sr=8-34,https://www.amazon.in/HP-Business-Professional-Touchscreen-i5-1335U/dp/B0CBW4MWJ2/ref=sr_1_34?dib=eyJ2IjoiMSJ9.FEL0KAXxV5EEIXar-PM1b2KnneU-7KagINXHrhphzY91vry10e8dY5-Uz3CEsTYxADnI3zdKpQrMthnZbh9Fpyz2tU_wFf7GEpaLpTKFweJnYJQCP2ICpQqA5y2RQEoXmv91Us6nxL2Ej9x891vhd9pPgsUCnJs3HtOLZql030ucINSksZOwAF6S4krZn_JkjLH98HL7wrrHcgs-fCtD4RspKold4zc2kidYut8WJu0.Li-rK3nLi9vssBZ61yPuoCkGMSwjXsfv_cjPqaayCBA&dib_tag=se&keywords=laptops&qid=1761746822&sr=8-34#customerReviews,2025-10-29 19:36:39
"Lenovo IdeaPad 1 Student Laptop, Intel Dual Core Processor, 20GB RAM, 1TB SSD + 128GB eMMC, 15.6"" FHD Display, 1 Year Office 365, Windows 11 Home, Wi-Fi 6, Webcam, Bluetooth, SD Card Reader, Grey",B0CDQTSSTR,Lenovo,,,(3 used & new offers),Unknown,4.1,,,https://www.amazon.in/Lenovo-IdeaPad-Student-Processor-Bluetooth/dp/B0CDQTSSTR/ref=sr_1_35?dib=eyJ2IjoiMSJ9.FEL0KAXxV5EEIXar-PM1b2KnneU-7KagINXHrhphzY91vry10e8dY5-Uz3CEsTYxADnI3zdKpQrMthnZbh9Fpyz2tU_wFf7GEpaLpTKFweJnYJQCP2ICpQqA5y2RQEoXmv91Us6nxL2Ej9x891vhd9pPgsUCnJs3HtOLZql030ucINSksZOwAF6S4krZn_JkjLH98HL7wrrHcgs-fCtD4RspKold4zc2kidYut8WJu0.Li-rK3nLi9vssBZ61yPuoCkGMSwjXsfv_cjPqaayCBA&dib_tag=se&keywords=laptops&qid=1761746822&sr=8-35,https://www.amazon.in/Lenovo-IdeaPad-Student-Processor-Bluetooth/dp/B0CDQTSSTR/ref=sr_1_35?dib=eyJ2IjoiMSJ9.FEL0KAXxV5EEIXar-PM1b2KnneU-7KagINXHrhphzY91vry10e8dY5-Uz3CEsTYxADnI3zdKpQrMthnZbh9Fpyz2tU_wFf7GEpaLpTKFweJnYJQCP2ICpQqA5y2RQEoXmv91Us6nxL2Ej9x891vhd9pPgsUCnJs3HtOLZql030ucINSksZOwAF6S4krZn_JkjLH98HL7wrrHcgs-fCtD4RspKold4zc2kidYut8WJu0.Li-rK3nLi9vssBZ61yPuoCkGMSwjXsfv_cjPqaayCBA&dib_tag=se&keywords=laptops&qid=1761746822&sr=8-35#customerReviews,2025-10-29 19:36:39
"Acer Nitro V Gaming Laptop | Intel Core i5-13420H Processor | NVIDIA GeForce RTX 4050 Laptop GPU | 15.6"" FHD IPS 165Hz Display | 8GB DDR5 | 512GB Gen 4 SSD | Wi-Fi 6 | Backlit KB | ANV15-52-586Z",B0F5KTGDS9,Acer,749.,,(2 new offers),Unknown,4.2,,,https://www.amazon.in/i5-13420H-Processor-GeForce-Display-ANV15-52-586Z/dp/B0F5KTGDS9/ref=sr_1_36?dib=eyJ2IjoiMSJ9.FEL0KAXxV5EEIXar-PM1b2KnneU-7KagINXHrhphzY91vry10e8dY5-Uz3CEsTYxADnI3zdKpQrMthnZbh9Fpyz2tU_wFf7GEpaLpTKFweJnYJQCP2ICpQqA5y2RQEoXmv91Us6nxL2Ej9x891vhd9pPgsUCnJs3HtOLZql030ucINSksZOwAF6S4krZn_JkjLH98HL7wrrHcgs-fCtD4RspKold4zc2kidYut8WJu0.Li-rK3nLi9vssBZ61yPuoCkGMSwjXsfv_cjPqaayCBA&dib_tag=se&keywords=laptops&qid=1761746822&sr=8-36,https://www.amazon.in/i5-13420H-Processor-GeForce-Display-ANV15-52-586Z/dp/B0F5KTGDS9/ref=sr_1_36?dib=eyJ2IjoiMSJ9.FEL0KAXxV5EEIXar-PM1b2KnneU-7KagINXHrhphzY91vry10e8dY5-Uz3CEsTYxADnI3zdKpQrMthnZbh9Fpyz2tU_wFf7GEpaLpTKFweJnYJQCP2ICpQqA5y2RQEoXmv91Us6nxL2Ej9x891vhd9pPgsUCnJs3HtOLZql030ucINSksZOwAF6S4krZn_JkjLH98HL7wrrHcgs-fCtD4RspKold4zc2kidYut8WJu0.Li-rK3nLi9vssBZ61yPuoCkGMSwjXsfv_cjPqaayCBA&dib_tag=se&keywords=laptops&qid=1761746822&sr=8-36#customerReviews,2025-10-29 19:36:39
"Lenovo V-Series V15 Business Laptop, 15.6"" FHD Display, AMD Ryzen 7 7730U, 40GB RAM, 2TB SSD, Numeric Keypad, HDMI, RJ45, Webcam, Wi-Fi, Windows 11 Pro, Black",B0D3JLKD2H,Lenovo,,,(10 new offers),Unknown,4.3,,,https://www.amazon.in/Lenovo-V15-Business-Display-Numeric/dp/B0D3JLKD2H/ref=sr_1_37?dib=eyJ2IjoiMSJ9.FEL0KAXxV5EEIXar-PM1b2KnneU-7KagINXHrhphzY91vry10e8dY5-Uz3CEsTYxADnI3zdKpQrMthnZbh9Fpyz2tU_wFf7GEpaLpTKFweJnYJQCP2ICpQqA5y2RQEoXmv91Us6nxL2Ej9x891vhd9pPgsUCnJs3HtOLZql030ucINSksZOwAF6S4krZn_JkjLH98HL7wrrHcgs-fCtD4RspKold4zc2kidYut8WJu0.Li-rK3nLi9vssBZ61yPuoCkGMSwjXsfv_cjPqaayCBA&dib_tag=se&keywords=laptops&qid=1761746822&sr=8-37,https://www.amazon.in/Lenovo-V15-Business-Display-Numeric/dp/B0D3JLKD2H/ref=sr_1_37?dib=eyJ2IjoiMSJ9.FEL0KAXxV5EEIXar-PM1b2KnneU-7KagINXHrhphzY91vry10e8dY5-Uz3CEsTYxADnI3zdKpQrMthnZbh9Fpyz2tU_wFf7GEpaLpTKFweJnYJQCP2ICpQqA5y2RQEoXmv91Us6nxL2Ej9x891vhd9pPgsUCnJs3HtOLZql030ucINSksZOwAF6S4krZn_JkjLH98HL7wrrHcgs-fCtD4RspKold4zc2kidYut8WJu0.Li-rK3nLi9vssBZ61yPuoCkGMSwjXsfv_cjPqaayCBA&dib_tag=se&keywords=laptops&qid=1761746822&sr=8-37#customerReviews,2025-10-29 19:36:39
"Dell Inspiron 15 3000 3520 Business Laptop Computer[Windows 11 Pro], 15.6'' FHD Touchscreen, 11th Gen Intel Quad-Core i5-1135G7, 16GB RAM, 1TB PCIe SSD, Numeric Keypad, Wi-Fi, Webcam, HDMI, Black",B0CC936WF1,Dell,,,(6 used & new offers),Unknown,4.3,,,https://www.amazon.in/Dell-Laptop-Touchscreen-Quad-Core-i5-1135G7/dp/B0CC936WF1/ref=sr_1_38?dib=eyJ2IjoiMSJ9.FEL0KAXxV5EEIXar-PM1b2KnneU-7KagINXHrhphzY91vry10e8dY5-Uz3CEsTYxADnI3zdKpQrMthnZbh9Fpyz2tU_wFf7GEpaLpTKFweJnYJQCP2ICpQqA5y2RQEoXmv91Us6nxL2Ej9x891vhd9pPgsUCnJs3HtOLZql030ucINSksZOwAF6S4krZn_JkjLH98HL7wrrHcgs-fCtD4RspKold4zc2kidYut8WJu0.Li-rK3nLi9vssBZ61yPuoCkGMSwjXsfv_cjPqaayCBA&dib_tag=se&keywords=laptops&qid=1761746822&sr=8-38,https://www.amazon.in/Dell-Laptop-Touchscreen-Quad-Core-i5-1135G7/dp/B0CC936WF1/ref=sr_1_38?dib=eyJ2IjoiMSJ9.FEL0KAXxV5EEIXar-PM1b2KnneU-7KagINXHrhphzY91vry10e8dY5-Uz3CEsTYxADnI3zdKpQrMthnZbh9Fpyz2tU_wFf7GEpaLpTKFweJnYJQCP2ICpQqA5y2RQEoXmv91Us6nxL2Ej9x891vhd9pPgsUCnJs3HtOLZql030ucINSksZOwAF6S4krZn_JkjLH98HL7wrrHcgs-fCtD4RspKold4zc2kidYut8WJu0.Li-rK3nLi9vssBZ61yPuoCkGMSwjXsfv_cjPqaayCBA&dib_tag=se&keywords=laptops&qid=1761746822&sr=8-38#customerReviews,2025-10-29 19:36:39
"HP 15.6"" Business Laptop, Free Microsoft Office 2024 Lifetime License, Copilot AI Chat, HD Touchscreen Display, Intel 6-Core i3-1215U 4.4 GHz, 16GB RAM, 1TB SSD, Long Battery Life, Windows 11 Pro",B0CWN27G3V,HP,,,(11 used & new offers),Unknown,4.1,,,https://www.amazon.in/HP-Business-Microsoft-Lifetime-Touchscreen/dp/B0CWN27G3V/ref=sr_1_39?dib=eyJ2IjoiMSJ9.FEL0KAXxV5EEIXar-PM1b2KnneU-7KagINXHrhphzY91vry10e8dY5-Uz3CEsTYxADnI3zdKpQrMthnZbh9Fpyz2tU_wFf7GEpaLpTKFweJnYJQCP2ICpQqA5y2RQEoXmv91Us6nxL2Ej9x891vhd9pPgsUCnJs3HtOLZql030ucINSksZOwAF6S4krZn_JkjLH98HL7wrrHcgs-fCtD4RspKold4zc2kidYut8WJu0.Li-rK3nLi9vssBZ61yPuoCkGMSwjXsfv_cjPqaayCBA&dib_tag=se&keywords=laptops&qid=1761746822&sr=8-39,https://www.amazon.in/HP-Business-Microsoft-Lifetime-Touchscreen/dp/B0CWN27G3V/ref=sr_1_39?dib=eyJ2IjoiMSJ9.FEL0KAXxV5EEIXar-PM1b2KnneU-7KagINXHrhphzY91vry10e8dY5-Uz3CEsTYxADnI3zdKpQrMthnZbh9Fpyz2tU_wFf7GEpaLpTKFweJnYJQCP2ICpQqA5y2RQEoXmv91Us6nxL2Ej9x891vhd9pPgsUCnJs3HtOLZql030ucINSksZOwAF6S4krZn_JkjLH98HL7wrrHcgs-fCtD4RspKold4zc2kidYut8WJu0.Li-rK3nLi9vssBZ61yPuoCkGMSwjXsfv_cjPqaayCBA&dib_tag=se&keywords=laptops&qid=1761746822&sr=8-39#customerReviews,2025-10-29 19:36:39
"MSI Thin 15 15.6” 144Hz FHD Gaming Laptop: Intel Core i7-13620H, NVIDIA Geforce RTX 4050, 16GB DDR4, 512GB NVMe SSD, WiFi 6E, Win 11: Black B13VE-2678US",B0DJB25PF7,MSI,,,(4 used & new offers),Unknown,4.3,,,https://www.amazon.in/MSI-Thin-144Hz-Gaming-Laptop/dp/B0DJB25PF7/ref=sr_1_40?dib=eyJ2IjoiMSJ9.FEL0KAXxV5EEIXar-PM1b2KnneU-7KagINXHrhphzY91vry10e8dY5-Uz3CEsTYxADnI3zdKpQrMthnZbh9Fpyz2tU_wFf7GEpaLpTKFweJnYJQCP2ICpQqA5y2RQEoXmv91Us6nxL2Ej9x891vhd9pPgsUCnJs3HtOLZql030ucINSksZOwAF6S4krZn_JkjLH98HL7wrrHcgs-fCtD4RspKold4zc2kidYut8WJu0.Li-rK3nLi9vssBZ61yPuoCkGMSwjXsfv_cjPqaayCBA&dib_tag=se&keywords=laptops&qid=1761746822&sr=8-40,https://www.amazon.in/MSI-Thin-144Hz-Gaming-Laptop/dp/B0DJB25PF7/ref=sr_1_40?dib=eyJ2IjoiMSJ9.FEL0KAXxV5EEIXar-PM1b2KnneU-7KagINXHrhphzY91vry10e8dY5-Uz3CEsTYxADnI3zdKpQrMthnZbh9Fpyz2tU_wFf7GEpaLpTKFweJnYJQCP2ICpQqA5y2RQEoXmv91Us6nxL2Ej9x891vhd9pPgsUCnJs3HtOLZql030ucINSksZOwAF6S4krZn_JkjLH98HL7wrrHcgs-fCtD4RspKold4zc2kidYut8WJu0.Li-rK3nLi9vssBZ61yPuoCkGMSwjXsfv_cjPqaayCBA&dib_tag=se&keywords=laptops&qid=1761746822&sr=8-40#customerReviews,2025-10-29 19:36:39
"Dell Inspiron 3530 Laptop - 15.6-inch FHD (1920x1080) Display, Intel Core i3-1305U Processor, 8GB DDR4 RAM, 512GB SSD, Intel UHD Graphics, Windows 11 Home, Onsite Service - Carbon Black",B0FGQRCZL3,Dell,,,(6 used & new offers),Unknown,4.4,,,https://www.amazon.in/Dell-Inspiron-3530-Laptop-15-6-inch/dp/B0FGQRCZL3/ref=sr_1_41?dib=eyJ2IjoiMSJ9.FEL0KAXxV5EEIXar-PM1b2KnneU-7KagINXHrhphzY91vry10e8dY5-Uz3CEsTYxADnI3zdKpQrMthnZbh9Fpyz2tU_wFf7GEpaLpTKFweJnYJQCP2ICpQqA5y2RQEoXmv91Us6nxL2Ej9x891vhd9pPgsUCnJs3HtOLZql030ucINSksZOwAF6S4krZn_JkjLH98HL7wrrHcgs-fCtD4RspKold4zc2kidYut8WJu0.Li-rK3nLi9vssBZ61yPuoCkGMSwjXsfv_cjPqaayCBA&dib_tag=se&keywords=laptops&qid=1761746822&sr=8-41,https://www.amazon.in/Dell-Inspiron-3530-Laptop-15-6-inch/dp/B0FGQRCZL3/ref=sr_1_41?dib=eyJ2IjoiMSJ9.FEL0KAXxV5EEIXar-PM1b2KnneU-7KagINXHrhphzY91vry10e8dY5-Uz3CEsTYxADnI3zdKpQrMthnZbh9Fpyz2tU_wFf7GEpaLpTKFweJnYJQCP2ICpQqA5y2RQEoXmv91Us6nxL2Ej9x891vhd9pPgsUCnJs3HtOLZql030ucINSksZOwAF6S4krZn_JkjLH98HL7wrrHcgs-fCtD4RspKold4zc2kidYut8WJu0.Li-rK3nLi9vssBZ61yPuoCkGMSwjXsfv_cjPqaayCBA&dib_tag=se&keywords=laptops&qid=1761746822&sr=8-41#customerReviews,2025-10-29 19:36:39
"HP 255 G10 15.6"" FHD Business Laptop, AMD Ryzen 7 7730U, 32GB RAM, 1TB PCIe SSD, Numeric Keypad, Webcam, Wi-Fi 6, HDMI, Windows 11 Pro, Black",B0D4RH881B,HP,,,(3 new offers),Unknown,4.0,,,https://www.amazon.in/HP-Newest-Business-Numeric-Windows/dp/B0D4RH881B/ref=sr_1_42?dib=eyJ2IjoiMSJ9.FEL0KAXxV5EEIXar-PM1b2KnneU-7KagINXHrhphzY91vry10e8dY5-Uz3CEsTYxADnI3zdKpQrMthnZbh9Fpyz2tU_wFf7GEpaLpTKFweJnYJQCP2ICpQqA5y2RQEoXmv91Us6nxL2Ej9x891vhd9pPgsUCnJs3HtOLZql030ucINSksZOwAF6S4krZn_JkjLH98HL7wrrHcgs-fCtD4RspKold4zc2kidYut8WJu0.Li-rK3nLi9vssBZ61yPuoCkGMSwjXsfv_cjPqaayCBA&dib_tag=se&keywords=laptops&qid=1761746822&sr=8-42,https://www.amazon.in/HP-Newest-Business-Numeric-Windows/dp/B0D4RH881B/ref=sr_1_42?dib=eyJ2IjoiMSJ9.FEL0KAXxV5EEIXar-PM1b2KnneU-7KagINXHrhphzY91vry10e8dY5-Uz3CEsTYxADnI3zdKpQrMthnZbh9Fpyz2tU_wFf7GEpaLpTKFweJnYJQCP2ICpQqA5y2RQEoXmv91Us6nxL2Ej9x891vhd9pPgsUCnJs3HtOLZql030ucINSksZOwAF6S4krZn_JkjLH98HL7wrrHcgs-fCtD4RspKold4zc2kidYut8WJu0.Li-rK3nLi9vssBZ61yPuoCkGMSwjXsfv_cjPqaayCBA&dib_tag=se&keywords=laptops&qid=1761746822&sr=8-42#customerReviews,2025-10-29 19:36:39
"Lenovo IdeaPad Business Laptop with Lifetime Office License, 15.6"" FHD Touchscreen, Intel 10-Core i5-1235U, 24GB RAM, 1TB SSD, Windows 11 Pro, Numeric Keypad, Wi-Fi 6, w/Stylus Pen",B0F4D7SPTG,Lenovo,,,(2 used & new offers),Unknown,4.1,,,https://www.amazon.in/Lenovo-Business-Laptop-Lifetime-Touchscreen/dp/B0F4D7SPTG/ref=sr_1_43?dib=eyJ2IjoiMSJ9.FEL0KAXxV5EEIXar-PM1b2KnneU-7KagINXHrhphzY91vry10e8dY5-Uz3CEsTYxADnI3zdKpQrMthnZbh9Fpyz2tU_wFf7GEpaLpTKFweJnYJQCP2ICpQqA5y2RQEoXmv91Us6nxL2Ej9x891vhd9pPgsUCnJs3HtOLZql030ucINSksZOwAF6S4krZn_JkjLH98HL7wrrHcgs-fCtD4RspKold4zc2kidYut8WJu0.Li-rK3nLi9vssBZ61yPuoCkGMSwjXsfv_cjPqaayCBA&dib_tag=se&keywords=laptops&qid=1761746822&sr=8-43,https://www.amazon.in/Lenovo-Business-Laptop-Lifetime-Touchscreen/dp/B0F4D7SPTG/ref=sr_1_43?dib=eyJ2IjoiMSJ9.FEL0KAXxV5EEIXar-PM1b2KnneU-7KagINXHrhphzY91vry10e8dY5-Uz3CEsTYxADnI3zdKpQrMthnZbh9Fpyz2tU_wFf7GEpaLpTKFweJnYJQCP2ICpQqA5y2RQEoXmv91Us6nxL2Ej9x891vhd9pPgsUCnJs3HtOLZql030ucINSksZOwAF6S4krZn_JkjLH98HL7wrrHcgs-fCtD4RspKold4zc2kidYut8WJu0.Li-rK3nLi9vssBZ61yPuoCkGMSwjXsfv_cjPqaayCBA&dib_tag=se&keywords=laptops&qid=1761746822&sr=8-43#customerReviews,2025-10-29 19:36:39
"2025 Latest 15.6'' Laptop Compatible with Windows 11, 1TB SSD 32GB Dual-Channel RAM, Quad-Core Processor 2.9GHz, 1080P FHD Display, Backlit Keyboard, Fingerprint, Webcam, Mini-HDMI, WiFi, TF Card Slot",B0FNCQ5VKC,2025,,,(1 new offer),Unknown,5.0,,,https://www.amazon.in/Compatible-Dual-Channel-Quad-Core-Processor-Fingerprint/dp/B0FNCQ5VKC/ref=sr_1_44?dib=eyJ2IjoiMSJ9.FEL0KAXxV5EEIXar-PM1b2KnneU-7KagINXHrhphzY91vry10e8dY5-Uz3CEsTYxADnI3zdKpQrMthnZbh9Fpyz2tU_wFf7GEpaLpTKFweJnYJQCP2ICpQqA5y2RQEoXmv91Us6nxL2Ej9x891vhd9pPgsUCnJs3HtOLZql030ucINSksZOwAF6S4krZn_JkjLH98HL7wrrHcgs-fCtD4RspKold4zc2kidYut8WJu0.Li-rK3nLi9vssBZ61yPuoCkGMSwjXsfv_cjPqaayCBA&dib_tag=se&keywords=laptops&qid=1761746822&sr=8-44,https://www.amazon.in/Compatible-Dual-Channel-Quad-Core-Processor-Fingerprint/dp/B0FNCQ5VKC/ref=sr_1_44?dib=eyJ2IjoiMSJ9.FEL0KAXxV5EEIXar-PM1b2KnneU-7KagINXHrhphzY91vry10e8dY5-Uz3CEsTYxADnI3zdKpQrMthnZbh9Fpyz2tU_wFf7GEpaLpTKFweJnYJQCP2ICpQqA5y2RQEoXmv91Us6nxL2Ej9x891vhd9pPgsUCnJs3HtOLZql030ucINSksZOwAF6S4krZn_JkjLH98HL7wrrHcgs-fCtD4RspKold4zc2kidYut8WJu0.Li-rK3nLi9vssBZ61yPuoCkGMSwjXsfv_cjPqaayCBA&dib_tag=se&keywords=laptops&qid=1761746822&sr=8-44#customerReviews,2025-10-29 19:36:39
"HP 2023 Chromebook Laptop, 14 Inch Display, Intel Celeron N4120 Processor, 4GB RAM, 64GB eMMC, Intel UHD Graphics 600, WiFi, Bluetooth, Chrome OS, Modern Gray",B0C7MR5RDH,HP,,,(33 used & new offers),Unknown,4.2,,,https://www.amazon.in/HP-Chromebook-Processor-Graphics-Bluetooth/dp/B0C7MR5RDH/ref=sr_1_45?dib=eyJ2IjoiMSJ9.FEL0KAXxV5EEIXar-PM1b2KnneU-7KagINXHrhphzY91vry10e8dY5-Uz3CEsTYxADnI3zdKpQrMthnZbh9Fpyz2tU_wFf7GEpaLpTKFweJnYJQCP2ICpQqA5y2RQEoXmv91Us6nxL2Ej9x891vhd9pPgsUCnJs3HtOLZql030ucINSksZOwAF6S4krZn_JkjLH98HL7wrrHcgs-fCtD4RspKold4zc2kidYut8WJu0.Li-rK3nLi9vssBZ61yPuoCkGMSwjXsfv_cjPqaayCBA&dib_tag=se&keywords=laptops&qid=1761746822&sr=8-45,https://www.amazon.in/HP-Chromebook-Processor-Graphics-Bluetooth/dp/B0C7MR5RDH/ref=sr_1_45?dib=eyJ2IjoiMSJ9.FEL0KAXxV5EEIXar-PM1b2KnneU-7KagINXHrhphzY91vry10e8dY5-Uz3CEsTYxADnI3zdKpQrMthnZbh9Fpyz2tU_wFf7GEpaLpTKFweJnYJQCP2ICpQqA5y2RQEoXmv91Us6nxL2Ej9x891vhd9pPgsUCnJs3HtOLZql030ucINSksZOwAF6S4krZn_JkjLH98HL7wrrHcgs-fCtD4RspKold4zc2kidYut8WJu0.Li-rK3nLi9vssBZ61yPuoCkGMSwjXsfv_cjPqaayCBA&dib_tag=se&keywords=laptops&qid=1761746822&sr=8-45#customerReviews,2025-10-29 19:36:39
"2025 Laptop with Windows 11, Intel Quad-Core Processor (up to 3.6GHZ)16GB DDR4 RAM 512GB SSD,15.6 Inch FHD IPS Display, Metal Body,5000mAh Battery,USB3.2,Portable Laptops Computer for Business Office",B0FPLVD27Y,2025,,,(4 new offers),Unknown,4.3,,,https://www.amazon.in/Quad-Core-Processor-Portable-Computer-Business/dp/B0FPLVD27Y/ref=sr_1_46?dib=eyJ2IjoiMSJ9.FEL0KAXxV5EEIXar-PM1b2KnneU-7KagINXHrhphzY91vry10e8dY5-Uz3CEsTYxADnI3zdKpQrMthnZbh9Fpyz2tU_wFf7GEpaLpTKFweJnYJQCP2ICpQqA5y2RQEoXmv91Us6nxL2Ej9x891vhd9pPgsUCnJs3HtOLZql030ucINSksZOwAF6S4krZn_JkjLH98HL7wrrHcgs-fCtD4RspKold4zc2kidYut8WJu0.Li-rK3nLi9vssBZ61yPuoCkGMSwjXsfv_cjPqaayCBA&dib_tag=se&keywords=laptops&qid=1761746822&sr=8-46,https://www.amazon.in/Quad-Core-Processor-Portable-Computer-Business/dp/B0FPLVD27Y/ref=sr_1_46?dib=eyJ2IjoiMSJ9.FEL0KAXxV5EEIXar-PM1b2KnneU-7KagINXHrhphzY91vry10e8dY5-Uz3CEsTYxADnI3zdKpQrMthnZbh9Fpyz2tU_wFf7GEpaLpTKFweJnYJQCP2ICpQqA5y2RQEoXmv91Us6nxL2Ej9x891vhd9pPgsUCnJs3HtOLZql030ucINSksZOwAF6S4krZn_JkjLH98HL7wrrHcgs-fCtD4RspKold4zc2kidYut8WJu0.Li-rK3nLi9vssBZ61yPuoCkGMSwjXsfv_cjPqaayCBA&dib_tag=se&keywords=laptops&qid=1761746822&sr=8-46#customerReviews,2025-10-29 19:36:39
"LG gram 16-inch Thin and Lightweight Laptop, Windows 11 Home, AI-Enabled Intel Evo Edition Powered by Intel Core Ultra7(Series 2) 255H Processor, 32GB RAM, 1TB SSD, Obsidian Black",B0F2JJJXCM,LG,1795.,$1999.99$1999.99,(4 new offers),Unknown,3.7,,,https://www.amazon.in/LG-Lightweight-AI-Enabled-Processor-Obsidian/dp/B0F2JJJXCM/ref=sr_1_47?dib=eyJ2IjoiMSJ9.FEL0KAXxV5EEIXar-PM1b2KnneU-7KagINXHrhphzY91vry10e8dY5-Uz3CEsTYxADnI3zdKpQrMthnZbh9Fpyz2tU_wFf7GEpaLpTKFweJnYJQCP2ICpQqA5y2RQEoXmv91Us6nxL2Ej9x891vhd9pPgsUCnJs3HtOLZql030ucINSksZOwAF6S4krZn_JkjLH98HL7wrrHcgs-fCtD4RspKold4zc2kidYut8WJu0.Li-rK3nLi9vssBZ61yPuoCkGMSwjXsfv_cjPqaayCBA&dib_tag=se&keywords=laptops&qid=1761746822&sr=8-47,https://www.amazon.in/LG-Lightweight-AI-Enabled-Processor-Obsidian/dp/B0F2JJJXCM/ref=sr_1_47?dib=eyJ2IjoiMSJ9.FEL0KAXxV5EEIXar-PM1b2KnneU-7KagINXHrhphzY91vry10e8dY5-Uz3CEsTYxADnI3zdKpQrMthnZbh9Fpyz2tU_wFf7GEpaLpTKFweJnYJQCP2ICpQqA5y2RQEoXmv91Us6nxL2Ej9x891vhd9pPgsUCnJs3HtOLZql030ucINSksZOwAF6S4krZn_JkjLH98HL7wrrHcgs-fCtD4RspKold4zc2kidYut8WJu0.Li-rK3nLi9vssBZ61yPuoCkGMSwjXsfv_cjPqaayCBA&dib_tag=se&keywords=laptops&qid=1761746822&sr=8-47#customerReviews,2025-10-29 19:36:39
"HP Essential Laptop, 17.3"" FHD Display, Intel Core i5-1334U, 32GB RAM, 1TB PCIe M.2 SSD, Wi-Fi 6, Webcam, Backlit Keyboard, Windows 11 Home, Silver",B0CS8RCW7N,HP,,,(2 used & new offers),Unknown,4.2,,,https://www.amazon.in/HP-Essential-Display-i5-1334U-Keyboard/dp/B0CS8RCW7N/ref=sr_1_48?dib=eyJ2IjoiMSJ9.FEL0KAXxV5EEIXar-PM1b2KnneU-7KagINXHrhphzY91vry10e8dY5-Uz3CEsTYxADnI3zdKpQrMthnZbh9Fpyz2tU_wFf7GEpaLpTKFweJnYJQCP2ICpQqA5y2RQEoXmv91Us6nxL2Ej9x891vhd9pPgsUCnJs3HtOLZql030ucINSksZOwAF6S4krZn_JkjLH98HL7wrrHcgs-fCtD4RspKold4zc2kidYut8WJu0.Li-rK3nLi9vssBZ61yPuoCkGMSwjXsfv_cjPqaayCBA&dib_tag=se&keywords=laptops&qid=1761746822&sr=8-48,https://www.amazon.in/HP-Essential-Display-i5-1334U-Keyboard/dp/B0CS8RCW7N/ref=sr_1_48?dib=eyJ2IjoiMSJ9.FEL0KAXxV5EEIXar-PM1b2KnneU-7KagINXHrhphzY91vry10e8dY5-Uz3CEsTYxADnI3zdKpQrMthnZbh9Fpyz2tU_wFf7GEpaLpTKFweJnYJQCP2ICpQqA5y2RQEoXmv91Us6nxL2Ej9x891vhd9pPgsUCnJs3HtOLZql030ucINSksZOwAF6S4krZn_JkjLH98HL7wrrHcgs-fCtD4RspKold4zc2kidYut8WJu0.Li-rK3nLi9vssBZ61yPuoCkGMSwjXsfv_cjPqaayCBA&dib_tag=se&keywords=laptops&qid=1761746822&sr=8-48#customerReviews,2025-10-29 19:36:39
"Dell Inspiron 16 Touchscreen Laptop, 16 Inch IPS Display, Intel 7 150U (Up to 5.4GHz), 64GB DDR5, 2TB SSD, Windows 11 Pro, Fingerprint Reader, Backlit Keyboard, FHD+ Cam, Wi-Fi 6E, Accessories",B0FP5BNY8J,Dell,,,(2 used & new offers),Unknown,4.1,,,https://www.amazon.in/Dell-Inspiron-Touchscreen-Fingerprint-Accessories/dp/B0FP5BNY8J/ref=sr_1_49?dib=eyJ2IjoiMSJ9.Ve1irMVibXcPK_OMGB2Au7GECPMx5zD0XtQI597r22Yyo7seXlagoH5xwGPd8YgULtDYgGNjvy8rbhYktmhUXrV0l6viqh_nE-eO-aOCIeNS_-Y2JMElBg-wxERzF0GMBPAZv_Czeav6_rKDHk0S5Gv6nuOS2GAUucqwCZK-C8MwMfF772iYxGkFUfjvLhXTchhgC8JA-ZaRsznWDRV7KodRy0LA-HPy4IVBWXWTsfo.RnH6fZm2mS7rjwh2hI-NOH8n-s71Zp-UZ29xHpAfBdY&dib_tag=se&keywords=laptops&qid=1761746824&sr=8-49,https://www.amazon.in/Dell-Inspiron-Touchscreen-Fingerprint-Accessories/dp/B0FP5BNY8J/ref=sr_1_49?dib=eyJ2IjoiMSJ9.Ve1irMVibXcPK_OMGB2Au7GECPMx5zD0XtQI597r22Yyo7seXlagoH5xwGPd8YgULtDYgGNjvy8rbhYktmhUXrV0l6viqh_nE-eO-aOCIeNS_-Y2JMElBg-wxERzF0GMBPAZv_Czeav6_rKDHk0S5Gv6nuOS2GAUucqwCZK-C8MwMfF772iYxGkFUfjvLhXTchhgC8JA-ZaRsznWDRV7KodRy0LA-HPy4IVBWXWTsfo.RnH6fZm2mS7rjwh2hI-NOH8n-s71Zp-UZ29xHpAfBdY&dib_tag=se&keywords=laptops&qid=1761746824&sr=8-49#customerReviews,2025-10-29 19:36:41
"NIMO 15.6 IPS FHD-Laptop, 16GB RAM 1TB SSD Intel Pentium Quad Core N100, Computer with Backlit Keyboard Fingerprint (Beat to i3-1115G4 Up to 3.4GHz) Laptops for Student, Win 11 Blue",B0D45FXRFM,NIMO,,,(5 new offers),Unknown,4.3,,,https://www.amazon.in/NIMO-laptop-15.6-student-computer/dp/B0D45FXRFM/ref=sr_1_50?dib=eyJ2IjoiMSJ9.Ve1irMVibXcPK_OMGB2Au7GECPMx5zD0XtQI597r22Yyo7seXlagoH5xwGPd8YgULtDYgGNjvy8rbhYktmhUXrV0l6viqh_nE-eO-aOCIeNS_-Y2JMElBg-wxERzF0GMBPAZv_Czeav6_rKDHk0S5Gv6nuOS2GAUucqwCZK-C8MwMfF772iYxGkFUfjvLhXTchhgC8JA-ZaRsznWDRV7KodRy0LA-HPy4IVBWXWTsfo.RnH6fZm2mS7rjwh2hI-NOH8n-s71Zp-UZ29xHpAfBdY&dib_tag=se&keywords=laptops&qid=1761746824&sr=8-50,https://www.amazon.in/NIMO-laptop-15.6-student-computer/dp/B0D45FXRFM/ref=sr_1_50?dib=eyJ2IjoiMSJ9.Ve1irMVibXcPK_OMGB2Au7GECPMx5zD0XtQI597r22Yyo7seXlagoH5xwGPd8YgULtDYgGNjvy8rbhYktmhUXrV0l6viqh_nE-eO-aOCIeNS_-Y2JMElBg-wxERzF0GMBPAZv_Czeav6_rKDHk0S5Gv6nuOS2GAUucqwCZK-C8MwMfF772iYxGkFUfjvLhXTchhgC8JA-ZaRsznWDRV7KodRy0LA-HPy4IVBWXWTsfo.RnH6fZm2mS7rjwh2hI-NOH8n-s71Zp-UZ29xHpAfBdY&dib_tag=se&keywords=laptops&qid=1761746824&sr=8-50#customerReviews,2025-10-29 19:36:41
"Dell Latitude 5420 14"" FHD Business Laptop Computer, Quad-Core i7-1185G7, 32GB DDR4 RAM, 512GB SSD, Backlit Keyboard, HDMI, Windows 11 Pro (Renewed)",B0F43WSCNF,Dell,,,,Unknown,3.9,,,https://www.amazon.in/Dell-Latitude-5420-Quad-Core-i7-1185G7/dp/B0F43WSCNF/ref=sr_1_51?dib=eyJ2IjoiMSJ9.Ve1irMVibXcPK_OMGB2Au7GECPMx5zD0XtQI597r22Yyo7seXlagoH5xwGPd8YgULtDYgGNjvy8rbhYktmhUXrV0l6viqh_nE-eO-aOCIeNS_-Y2JMElBg-wxERzF0GMBPAZv_Czeav6_rKDHk0S5Gv6nuOS2GAUucqwCZK-C8MwMfF772iYxGkFUfjvLhXTchhgC8JA-ZaRsznWDRV7KodRy0LA-HPy4IVBWXWTsfo.RnH6fZm2mS7rjwh2hI-NOH8n-s71Zp-UZ29xHpAfBdY&dib_tag=se&keywords=laptops&qid=1761746824&sr=8-51,https://www.amazon.in/Dell-Latitude-5420-Quad-Core-i7-1185G7/dp/B0F43WSCNF/ref=sr_1_51?dib=eyJ2IjoiMSJ9.Ve1irMVibXcPK_OMGB2Au7GECPMx5zD0XtQI597r22Yyo7seXlagoH5xwGPd8YgULtDYgGNjvy8rbhYktmhUXrV0l6viqh_nE-eO-aOCIeNS_-Y2JMElBg-wxERzF0GMBPAZv_Czeav6_rKDHk0S5Gv6nuOS2GAUucqwCZK-C8MwMfF772iYxGkFUfjvLhXTchhgC8JA-ZaRsznWDRV7KodRy0LA-HPy4IVBWXWTsfo.RnH6fZm2mS7rjwh2hI-NOH8n-s71Zp-UZ29xHpAfBdY&dib_tag=se&keywords=laptops&qid=1761746824&sr=8-51#customerReviews,2025-10-29 19:36:41
"ASUS Vivobook S16 Laptop, Copilot+ PC, AMD Ryzen AI 7 350 with XDNA NPU, 16GB Memory, 1TB SSD, Neutral Black, M5606KA-DS76",B0DTVYQCPV,ASUS,1069.,$1199.99$1199.99,(2 used & new offers),Unknown,4.4,,,https://www.amazon.in/ASUS-Vivobook-Copilot-Neutral-M5606KA-DS76/dp/B0DTVYQCPV/ref=sr_1_52?dib=eyJ2IjoiMSJ9.Ve1irMVibXcPK_OMGB2Au7GECPMx5zD0XtQI597r22Yyo7seXlagoH5xwGPd8YgULtDYgGNjvy8rbhYktmhUXrV0l6viqh_nE-eO-aOCIeNS_-Y2JMElBg-wxERzF0GMBPAZv_Czeav6_rKDHk0S5Gv6nuOS2GAUucqwCZK-C8MwMfF772iYxGkFUfjvLhXTchhgC8JA-ZaRsznWDRV7KodRy0LA-HPy4IVBWXWTsfo.RnH6fZm2mS7rjwh2hI-NOH8n-s71Zp-UZ29xHpAfBdY&dib_tag=se&keywords=laptops&qid=1761746824&sr=8-52,https://www.amazon.in/ASUS-Vivobook-Copilot-Neutral-M5606KA-DS76/dp/B0DTVYQCPV/ref=sr_1_52?dib=eyJ2IjoiMSJ9.Ve1irMVibXcPK_OMGB2Au7GECPMx5zD0XtQI597r22Yyo7seXlagoH5xwGPd8YgULtDYgGNjvy8rbhYktmhUXrV0l6viqh_nE-eO-aOCIeNS_-Y2JMElBg-wxERzF0GMBPAZv_Czeav6_rKDHk0S5Gv6nuOS2GAUucqwCZK-C8MwMfF772iYxGkFUfjvLhXTchhgC8JA-ZaRsznWDRV7KodRy0LA-HPy4IVBWXWTsfo.RnH6fZm2mS7rjwh2hI-NOH8n-s71Zp-UZ29xHpAfBdY&dib_tag=se&keywords=laptops&qid=1761746824&sr=8-52#customerReviews,2025-10-29 19:36:41
"ASUS ROG Strix G16 (2025) Gaming Laptop, 16” ROG Nebula Display 16:10 2.5K 240Hz/3ms, NVIDIA® GeForce RTX™ 5070 Ti GPU, Intel® Core™ Ultra 9 275HX Processor, 32GB DDR5, 1TB SSD, Wi-Fi 7, Win11 Home",B0DW1X5YCQ,ASUS,2399.,,(2 used & new offers),Unknown,4.5,,,https://www.amazon.in/ASUS-Gaming-Laptop-Nebula-Display/dp/B0DW1X5YCQ/ref=sr_1_53?dib=eyJ2IjoiMSJ9.Ve1irMVibXcPK_OMGB2Au7GECPMx5zD0XtQI597r22Yyo7seXlagoH5xwGPd8YgULtDYgGNjvy8rbhYktmhUXrV0l6viqh_nE-eO-aOCIeNS_-Y2JMElBg-wxERzF0GMBPAZv_Czeav6_rKDHk0S5Gv6nuOS2GAUucqwCZK-C8MwMfF772iYxGkFUfjvLhXTchhgC8JA-ZaRsznWDRV7KodRy0LA-HPy4IVBWXWTsfo.RnH6fZm2mS7rjwh2hI-NOH8n-s71Zp-UZ29xHpAfBdY&dib_tag=se&keywords=laptops&qid=1761746824&sr=8-53,https://www.amazon.in/ASUS-Gaming-Laptop-Nebula-Display/dp/B0DW1X5YCQ/ref=sr_1_53?dib=eyJ2IjoiMSJ9.Ve1irMVibXcPK_OMGB2Au7GECPMx5zD0XtQI597r22Yyo7seXlagoH5xwGPd8YgULtDYgGNjvy8rbhYktmhUXrV0l6viqh_nE-eO-aOCIeNS_-Y2JMElBg-wxERzF0GMBPAZv_Czeav6_rKDHk0S5Gv6nuOS2GAUucqwCZK-C8MwMfF772iYxGkFUfjvLhXTchhgC8JA-ZaRsznWDRV7KodRy0LA-HPy4IVBWXWTsfo.RnH6fZm2mS7rjwh2hI-NOH8n-s71Zp-UZ29xHpAfBdY&dib_tag=se&keywords=laptops&qid=1761746824&sr=8-53#customerReviews,2025-10-29 19:36:41
"SAMSUNG Galaxy Book4 2024 Business Laptop 15.6"" FHD IPS 10-Core Intel 7 150U 16GB LPDDR4 512GB SSD Intel Graphics Wi-Fi 6 Backlit Keyboard Fingerprint Win11 Home w/ONT 32GB USB",B0D2W14QQT,SAMSUNG,,,(7 used & new offers),Unknown,4.9,,,https://www.amazon.in/Samsung-Business-Graphics-Keyboard-Fingerprint/dp/B0D2W14QQT/ref=sr_1_54?dib=eyJ2IjoiMSJ9.Ve1irMVibXcPK_OMGB2Au7GECPMx5zD0XtQI597r22Yyo7seXlagoH5xwGPd8YgULtDYgGNjvy8rbhYktmhUXrV0l6viqh_nE-eO-aOCIeNS_-Y2JMElBg-wxERzF0GMBPAZv_Czeav6_rKDHk0S5Gv6nuOS2GAUucqwCZK-C8MwMfF772iYxGkFUfjvLhXTchhgC8JA-ZaRsznWDRV7KodRy0LA-HPy4IVBWXWTsfo.RnH6fZm2mS7rjwh2hI-NOH8n-s71Zp-UZ29xHpAfBdY&dib_tag=se&keywords=laptops&qid=1761746824&sr=8-54,https://www.amazon.in/Samsung-Business-Graphics-Keyboard-Fingerprint/dp/B0D2W14QQT/ref=sr_1_54?dib=eyJ2IjoiMSJ9.Ve1irMVibXcPK_OMGB2Au7GECPMx5zD0XtQI597r22Yyo7seXlagoH5xwGPd8YgULtDYgGNjvy8rbhYktmhUXrV0l6viqh_nE-eO-aOCIeNS_-Y2JMElBg-wxERzF0GMBPAZv_Czeav6_rKDHk0S5Gv6nuOS2GAUucqwCZK-C8MwMfF772iYxGkFUfjvLhXTchhgC8JA-ZaRsznWDRV7KodRy0LA-HPy4IVBWXWTsfo.RnH6fZm2mS7rjwh2hI-NOH8n-s71Zp-UZ29xHpAfBdY&dib_tag=se&keywords=laptops&qid=1761746824&sr=8-54#customerReviews,2025-10-29 19:36:41
"Microsoft Surface Laptop (2024), Windows 11 Copilot+ PC, 13.8"" Touchscreen Display, Snapdragon X Elite (12 core), 16GB RAM, 512GB SSD Storage, Platinum",B0CXL8D3ZV,Microsoft,,,(3 used & new offers),Unknown,4.1,,,https://www.amazon.in/Microsoft-Surface-Touchscreen-Snapdragon-Platinum/dp/B0CXL8D3ZV/ref=sr_1_55?dib=eyJ2IjoiMSJ9.Ve1irMVibXcPK_OMGB2Au7GECPMx5zD0XtQI597r22Yyo7seXlagoH5xwGPd8YgULtDYgGNjvy8rbhYktmhUXrV0l6viqh_nE-eO-aOCIeNS_-Y2JMElBg-wxERzF0GMBPAZv_Czeav6_rKDHk0S5Gv6nuOS2GAUucqwCZK-C8MwMfF772iYxGkFUfjvLhXTchhgC8JA-ZaRsznWDRV7KodRy0LA-HPy4IVBWXWTsfo.RnH6fZm2mS7rjwh2hI-NOH8n-s71Zp-UZ29xHpAfBdY&dib_tag=se&keywords=laptops&qid=1761746824&sr=8-55,https://www.amazon.in/Microsoft-Surface-Touchscreen-Snapdragon-Platinum/dp/B0CXL8D3ZV/ref=sr_1_55?dib=eyJ2IjoiMSJ9.Ve1irMVibXcPK_OMGB2Au7GECPMx5zD0XtQI597r22Yyo7seXlagoH5xwGPd8YgULtDYgGNjvy8rbhYktmhUXrV0l6viqh_nE-eO-aOCIeNS_-Y2JMElBg-wxERzF0GMBPAZv_Czeav6_rKDHk0S5Gv6nuOS2GAUucqwCZK-C8MwMfF772iYxGkFUfjvLhXTchhgC8JA-ZaRsznWDRV7KodRy0LA-HPy4IVBWXWTsfo.RnH6fZm2mS7rjwh2hI-NOH8n-s71Zp-UZ29xHpAfBdY&dib_tag=se&keywords=laptops&qid=1761746824&sr=8-55#customerReviews,2025-10-29 19:36:41
"HP Portable Laptop (Include 1 Year Microsoft 365), 14’’ HD Display, 16GB RAM, 64GB eMMC, Intel Quad-Core N4120, Student and Business, Webcam, HDMI, Wi-Fi, RJ-45, Windows 11 Home, Pink",B0CHHMH36M,HP,,,(5 used & new offers),Unknown,4.1,,,https://www.amazon.in/HP-Portable-Microsoft-Quad-Core-Business/dp/B0CHHMH36M/ref=sr_1_56?dib=eyJ2IjoiMSJ9.Ve1irMVibXcPK_OMGB2Au7GECPMx5zD0XtQI597r22Yyo7seXlagoH5xwGPd8YgULtDYgGNjvy8rbhYktmhUXrV0l6viqh_nE-eO-aOCIeNS_-Y2JMElBg-wxERzF0GMBPAZv_Czeav6_rKDHk0S5Gv6nuOS2GAUucqwCZK-C8MwMfF772iYxGkFUfjvLhXTchhgC8JA-ZaRsznWDRV7KodRy0LA-HPy4IVBWXWTsfo.RnH6fZm2mS7rjwh2hI-NOH8n-s71Zp-UZ29xHpAfBdY&dib_tag=se&keywords=laptops&qid=1761746824&sr=8-56,https://www.amazon.in/HP-Portable-Microsoft-Quad-Core-Business/dp/B0CHHMH36M/ref=sr_1_56?dib=eyJ2IjoiMSJ9.Ve1irMVibXcPK_OMGB2Au7GECPMx5zD0XtQI597r22Yyo7seXlagoH5xwGPd8YgULtDYgGNjvy8rbhYktmhUXrV0l6viqh_nE-eO-aOCIeNS_-Y2JMElBg-wxERzF0GMBPAZv_Czeav6_rKDHk0S5Gv6nuOS2GAUucqwCZK-C8MwMfF772iYxGkFUfjvLhXTchhgC8JA-ZaRsznWDRV7KodRy0LA-HPy4IVBWXWTsfo.RnH6fZm2mS7rjwh2hI-NOH8n-s71Zp-UZ29xHpAfBdY&dib_tag=se&keywords=laptops&qid=1761746824&sr=8-56#customerReviews,2025-10-29 19:36:41
Dell Latitude 7420 14-inch Full HD Touchscreen Business Laptop 11th Gen Intel Core i7-1185G7 32GB 1TB SSD Windows 11 Pro,B0D92RZN3W,Dell,,,,Unknown,4.4,,,https://www.amazon.in/Dell-Latitude-7420-Touchscreen-i7-1185G7/dp/B0D92RZN3W/ref=sr_1_57?dib=eyJ2IjoiMSJ9.Ve1irMVibXcPK_OMGB2Au7GECPMx5zD0XtQI597r22Yyo7seXlagoH5xwGPd8YgULtDYgGNjvy8rbhYktmhUXrV0l6viqh_nE-eO-aOCIeNS_-Y2JMElBg-wxERzF0GMBPAZv_Czeav6_rKDHk0S5Gv6nuOS2GAUucqwCZK-C8MwMfF772iYxGkFUfjvLhXTchhgC8JA-ZaRsznWDRV7KodRy0LA-HPy4IVBWXWTsfo.RnH6fZm2mS7rjwh2hI-NOH8n-s71Zp-UZ29xHpAfBdY&dib_tag=se&keywords=laptops&qid=1761746824&sr=8-57,https://www.amazon.in/Dell-Latitude-7420-Touchscreen-i7-1185G7/dp/B0D92RZN3W/ref=sr_1_57?dib=eyJ2IjoiMSJ9.Ve1irMVibXcPK_OMGB2Au7GECPMx5zD0XtQI597r22Yyo7seXlagoH5xwGPd8YgULtDYgGNjvy8rbhYktmhUXrV0l6viqh_nE-eO-aOCIeNS_-Y2JMElBg-wxERzF0GMBPAZv_Czeav6_rKDHk0S5Gv6nuOS2GAUucqwCZK-C8MwMfF772iYxGkFUfjvLhXTchhgC8JA-ZaRsznWDRV7KodRy0LA-HPy4IVBWXWTsfo.RnH6fZm2mS7rjwh2hI-NOH8n-s71Zp-UZ29xHpAfBdY&dib_tag=se&keywords=laptops&qid=1761746824&sr=8-57#customerReviews,2025-10-29 19:36:41
"Lenovo IdeaPad Slim 3 Chromebook - 2024 - Lightweight Laptop - Waves MaxxAudio® Speakers - 14"" HD Display - HD 720p Camera - 4GB Memory - 64GB Storage - MediaTek Kompanio 520 - Abyss Blue",B0D5HZVQDL,Lenovo,177.,$219.99$219.99,(20+ used & new offers),Unknown,4.3,,,https://www.amazon.in/Lenovo-IdeaPad-Slim-Chromebook-Lightweight/dp/B0D5HZVQDL/ref=sr_1_58?dib=eyJ2IjoiMSJ9.Ve1irMVibXcPK_OMGB2Au7GECPMx5zD0XtQI597r22Yyo7seXlagoH5xwGPd8YgULtDYgGNjvy8rbhYktmhUXrV0l6viqh_nE-eO-aOCIeNS_-Y2JMElBg-wxERzF0GMBPAZv_Czeav6_rKDHk0S5Gv6nuOS2GAUucqwCZK-C8MwMfF772iYxGkFUfjvLhXTchhgC8JA-ZaRsznWDRV7KodRy0LA-HPy4IVBWXWTsfo.RnH6fZm2mS7rjwh2hI-NOH8n-s71Zp-UZ29xHpAfBdY&dib_tag=se&keywords=laptops&qid=1761746824&sr=8-58,https://www.amazon.in/Lenovo-IdeaPad-Slim-Chromebook-Lightweight/dp/B0D5HZVQDL/ref=sr_1_58?dib=eyJ2IjoiMSJ9.Ve1irMVibXcPK_OMGB2Au7GECPMx5zD0XtQI597r22Yyo7seXlagoH5xwGPd8YgULtDYgGNjvy8rbhYktmhUXrV0l6viqh_nE-eO-aOCIeNS_-Y2JMElBg-wxERzF0GMBPAZv_Czeav6_rKDHk0S5Gv6nuOS2GAUucqwCZK-C8MwMfF772iYxGkFUfjvLhXTchhgC8JA-ZaRsznWDRV7KodRy0LA-HPy4IVBWXWTsfo.RnH6fZm2mS7rjwh2hI-NOH8n-s71Zp-UZ29xHpAfBdY&dib_tag=se&keywords=laptops&qid=1761746824&sr=8-58#customerReviews,2025-10-29 19:36:41
GIGABYTE - Gaming A16 Gaming Laptop - 165Hz 1920x1200 WUXGA - NVIDIA GeForce RTX 5060 - Intel i7-13620H - 1TB SSD with 16GB DDR5 RAM - Windows 11 Home AD Gaming A16 CVHI3US894SH,B0FDMN25CZ,GIGABYTE,1149.,$1249.99$1249.99,(2+ used & new offers),Unknown,4.1,,,https://www.amazon.in/GIGABYTE-1920x1200-GeForce-i7-13620H-CVHI3US894SH/dp/B0FDMN25CZ/ref=sr_1_59?dib=eyJ2IjoiMSJ9.Ve1irMVibXcPK_OMGB2Au7GECPMx5zD0XtQI597r22Yyo7seXlagoH5xwGPd8YgULtDYgGNjvy8rbhYktmhUXrV0l6viqh_nE-eO-aOCIeNS_-Y2JMElBg-wxERzF0GMBPAZv_Czeav6_rKDHk0S5Gv6nuOS2GAUucqwCZK-C8MwMfF772iYxGkFUfjvLhXTchhgC8JA-ZaRsznWDRV7KodRy0LA-HPy4IVBWXWTsfo.RnH6fZm2mS7rjwh2hI-NOH8n-s71Zp-UZ29xHpAfBdY&dib_tag=se&keywords=laptops&qid=1761746824&sr=8-59,https://www.amazon.in/GIGABYTE-1920x1200-GeForce-i7-13620H-CVHI3US894SH/dp/B0FDMN25CZ/ref=sr_1_59?dib=eyJ2IjoiMSJ9.Ve1irMVibXcPK_OMGB2Au7GECPMx5zD0XtQI597r22Yyo7seXlagoH5xwGPd8YgULtDYgGNjvy8rbhYktmhUXrV0l6viqh_nE-eO-aOCIeNS_-Y2JMElBg-wxERzF0GMBPAZv_Czeav6_rKDHk0S5Gv6nuOS2GAUucqwCZK-C8MwMfF772iYxGkFUfjvLhXTchhgC8JA-ZaRsznWDRV7KodRy0LA-HPy4IVBWXWTsfo.RnH6fZm2mS7rjwh2hI-NOH8n-s71Zp-UZ29xHpAfBdY&dib_tag=se&keywords=laptops&qid=1761746824&sr=8-59#customerReviews,2025-10-29 19:36:41
"Asus Vivobook i7 Laptop, 16"" FHD+ IPS Screen, Intel Core i7-1355U, 16GB RAM, 1TB SSD, Numeric Keypad, Webcam, HDMI, Wi-Fi, Windows 11 Home, Indie Black",B0DFJ3C764,Asus,,,(5 used & new offers),Unknown,4.9,,,https://www.amazon.in/ASUS-Vivobook-Notebook-i7-1355U-Graphics/dp/B0DFJ3C764/ref=sr_1_60?dib=eyJ2IjoiMSJ9.Ve1irMVibXcPK_OMGB2Au7GECPMx5zD0XtQI597r22Yyo7seXlagoH5xwGPd8YgULtDYgGNjvy8rbhYktmhUXrV0l6viqh_nE-eO-aOCIeNS_-Y2JMElBg-wxERzF0GMBPAZv_Czeav6_rKDHk0S5Gv6nuOS2GAUucqwCZK-C8MwMfF772iYxGkFUfjvLhXTchhgC8JA-ZaRsznWDRV7KodRy0LA-HPy4IVBWXWTsfo.RnH6fZm2mS7rjwh2hI-NOH8n-s71Zp-UZ29xHpAfBdY&dib_tag=se&keywords=laptops&qid=1761746824&sr=8-60,https://www.amazon.in/ASUS-Vivobook-Notebook-i7-1355U-Graphics/dp/B0DFJ3C764/ref=sr_1_60?dib=eyJ2IjoiMSJ9.Ve1irMVibXcPK_OMGB2Au7GECPMx5zD0XtQI597r22Yyo7seXlagoH5xwGPd8YgULtDYgGNjvy8rbhYktmhUXrV0l6viqh_nE-eO-aOCIeNS_-Y2JMElBg-wxERzF0GMBPAZv_Czeav6_rKDHk0S5Gv6nuOS2GAUucqwCZK-C8MwMfF772iYxGkFUfjvLhXTchhgC8JA-ZaRsznWDRV7KodRy0LA-HPy4IVBWXWTsfo.RnH6fZm2mS7rjwh2hI-NOH8n-s71Zp-UZ29xHpAfBdY&dib_tag=se&keywords=laptops&qid=1761746824&sr=8-60#customerReviews,2025-10-29 19:36:41
"HP Chromebook 14 Laptop, Intel Celeron N4000 Processor, 4 GB RAM, 32 GB eMMC, 14” HD Display, Chrome, Lightweight Computer with Webcam and Dual Mics, Home, School, Music, Movies (14a-na0021nr, 2021)",B08YKGZF7P,HP,,,(7 used & new offers),Unknown,4.4,,,https://www.amazon.in/HP-Chromebook-Processor-Lightweight-14a-na0021nr/dp/B08YKGZF7P/ref=sr_1_61?dib=eyJ2IjoiMSJ9.Ve1irMVibXcPK_OMGB2Au7GECPMx5zD0XtQI597r22Yyo7seXlagoH5xwGPd8YgULtDYgGNjvy8rbhYktmhUXrV0l6viqh_nE-eO-aOCIeNS_-Y2JMElBg-wxERzF0GMBPAZv_Czeav6_rKDHk0S5Gv6nuOS2GAUucqwCZK-C8MwMfF772iYxGkFUfjvLhXTchhgC8JA-ZaRsznWDRV7KodRy0LA-HPy4IVBWXWTsfo.RnH6fZm2mS7rjwh2hI-NOH8n-s71Zp-UZ29xHpAfBdY&dib_tag=se&keywords=laptops&qid=1761746824&sr=8-61,https://www.amazon.in/HP-Chromebook-Processor-Lightweight-14a-na0021nr/dp/B08YKGZF7P/ref=sr_1_61?dib=eyJ2IjoiMSJ9.Ve1irMVibXcPK_OMGB2Au7GECPMx5zD0XtQI597r22Yyo7seXlagoH5xwGPd8YgULtDYgGNjvy8rbhYktmhUXrV0l6viqh_nE-eO-aOCIeNS_-Y2JMElBg-wxERzF0GMBPAZv_Czeav6_rKDHk0S5Gv6nuOS2GAUucqwCZK-C8MwMfF772iYxGkFUfjvLhXTchhgC8JA-ZaRsznWDRV7KodRy0LA-HPy4IVBWXWTsfo.RnH6fZm2mS7rjwh2hI-NOH8n-s71Zp-UZ29xHpAfBdY&dib_tag=se&keywords=laptops&qid=1761746824&sr=8-61#customerReviews,2025-10-29 19:36:41
"HP ProBook 460 G11 Business Laptop 16” FHD+ Display, Intel Core Ultra 7 155U (Beats i7-1355U), 32GB DDR5 RAM, 1TB NVMe, Wi-Fi 6E, RJ-45, Webcam, Backlit Keyboard, Win 11 Pro - Pike Silver Plastic",B0F9LKZJS1,HP,,,(1 new offer),Unknown,4.1,,,https://www.amazon.in/HP-ProBook-460-G11-Business/dp/B0F9LKZJS1/ref=sr_1_62?dib=eyJ2IjoiMSJ9.Ve1irMVibXcPK_OMGB2Au7GECPMx5zD0XtQI597r22Yyo7seXlagoH5xwGPd8YgULtDYgGNjvy8rbhYktmhUXrV0l6viqh_nE-eO-aOCIeNS_-Y2JMElBg-wxERzF0GMBPAZv_Czeav6_rKDHk0S5Gv6nuOS2GAUucqwCZK-C8MwMfF772iYxGkFUfjvLhXTchhgC8JA-ZaRsznWDRV7KodRy0LA-HPy4IVBWXWTsfo.RnH6fZm2mS7rjwh2hI-NOH8n-s71Zp-UZ29xHpAfBdY&dib_tag=se&keywords=laptops&qid=1761746824&sr=8-62,https://www.amazon.in/HP-ProBook-460-G11-Business/dp/B0F9LKZJS1/ref=sr_1_62?dib=eyJ2IjoiMSJ9.Ve1irMVibXcPK_OMGB2Au7GECPMx5zD0XtQI597r22Yyo7seXlagoH5xwGPd8YgULtDYgGNjvy8rbhYktmhUXrV0l6viqh_nE-eO-aOCIeNS_-Y2JMElBg-wxERzF0GMBPAZv_Czeav6_rKDHk0S5Gv6nuOS2GAUucqwCZK-C8MwMfF772iYxGkFUfjvLhXTchhgC8JA-ZaRsznWDRV7KodRy0LA-HPy4IVBWXWTsfo.RnH6fZm2mS7rjwh2hI-NOH8n-s71Zp-UZ29xHpAfBdY&dib_tag=se&keywords=laptops&qid=1761746824&sr=8-62#customerReviews,2025-10-29 19:36:41
"Lenovo ThinkBook 16 Gen 8 16"" FHD+ Business AI PC Laptop Computer, Intel 16-Core Ultra 7 255H (Beat i7-13900H), 64GB DDR5 RAM, 2TB PCIe SSD, WiFi 6E, Bluetooth 5.3, Fingerprint Reader, Windows 11 Pro",B0FMF3BJ86,Lenovo,,,(1 new offer),Unknown,4.2,,,https://www.amazon.in/Lenovo-ThinkBook-16-i7-13900H-Fingerprint/dp/B0FMF3BJ86/ref=sr_1_63?dib=eyJ2IjoiMSJ9.Ve1irMVibXcPK_OMGB2Au7GECPMx5zD0XtQI597r22Yyo7seXlagoH5xwGPd8YgULtDYgGNjvy8rbhYktmhUXrV0l6viqh_nE-eO-aOCIeNS_-Y2JMElBg-wxERzF0GMBPAZv_Czeav6_rKDHk0S5Gv6nuOS2GAUucqwCZK-C8MwMfF772iYxGkFUfjvLhXTchhgC8JA-ZaRsznWDRV7KodRy0LA-HPy4IVBWXWTsfo.RnH6fZm2mS7rjwh2hI-NOH8n-s71Zp-UZ29xHpAfBdY&dib_tag=se&keywords=laptops&qid=1761746824&sr=8-63,https://www.amazon.in/Lenovo-ThinkBook-16-i7-13900H-Fingerprint/dp/B0FMF3BJ86/ref=sr_1_63?dib=eyJ2IjoiMSJ9.Ve1irMVibXcPK_OMGB2Au7GECPMx5zD0XtQI597r22Yyo7seXlagoH5xwGPd8YgULtDYgGNjvy8rbhYktmhUXrV0l6viqh_nE-eO-aOCIeNS_-Y2JMElBg-wxERzF0GMBPAZv_Czeav6_rKDHk0S5Gv6nuOS2GAUucqwCZK-C8MwMfF772iYxGkFUfjvLhXTchhgC8JA-ZaRsznWDRV7KodRy0LA-HPy4IVBWXWTsfo.RnH6fZm2mS7rjwh2hI-NOH8n-s71Zp-UZ29xHpAfBdY&dib_tag=se&keywords=laptops&qid=1761746824&sr=8-63#customerReviews,2025-10-29 19:36:41
"HP 15.6"" Portable Laptop (Include 1 Year Microsoft 365), HD Display, Intel Quad-Core N200 Processor, 16GB RAM, 128GB Storage, Wi-Fi 6, Webcam, HDMI, Numeric Keypad, Windows 11 Home, Silver",B0CL7Z6GTZ,HP,,,(4 used & new offers),Unknown,4.0,,,https://www.amazon.in/HP-Portable-Microsoft-Quad-Core-Processor/dp/B0CL7Z6GTZ/ref=sr_1_64?dib=eyJ2IjoiMSJ9.Ve1irMVibXcPK_OMGB2Au7GECPMx5zD0XtQI597r22Yyo7seXlagoH5xwGPd8YgULtDYgGNjvy8rbhYktmhUXrV0l6viqh_nE-eO-aOCIeNS_-Y2JMElBg-wxERzF0GMBPAZv_Czeav6_rKDHk0S5Gv6nuOS2GAUucqwCZK-C8MwMfF772iYxGkFUfjvLhXTchhgC8JA-ZaRsznWDRV7KodRy0LA-HPy4IVBWXWTsfo.RnH6fZm2mS7rjwh2hI-NOH8n-s71Zp-UZ29xHpAfBdY&dib_tag=se&keywords=laptops&qid=1761746824&sr=8-64,https://www.amazon.in/HP-Portable-Microsoft-Quad-Core-Processor/dp/B0CL7Z6GTZ/ref=sr_1_64?dib=eyJ2IjoiMSJ9.Ve1irMVibXcPK_OMGB2Au7GECPMx5zD0XtQI597r22Yyo7seXlagoH5xwGPd8YgULtDYgGNjvy8rbhYktmhUXrV0l6viqh_nE-eO-aOCIeNS_-Y2JMElBg-wxERzF0GMBPAZv_Czeav6_rKDHk0S5Gv6nuOS2GAUucqwCZK-C8MwMfF772iYxGkFUfjvLhXTchhgC8JA-ZaRsznWDRV7KodRy0LA-HPy4IVBWXWTsfo.RnH6fZm2mS7rjwh2hI-NOH8n-s71Zp-UZ29xHpAfBdY&dib_tag=se&keywords=laptops&qid=1761746824&sr=8-64#customerReviews,2025-10-29 19:36:41
